code_commune,nom_commune,travaillent_sur_place,total_actifs,pct_autonomie
77379,Provins,2271.0662428289,4178.0369460971,54.3572561020651
95527,Roissy-en-France,714.76,1485.68,48.109956383608846
75108,Paris 8e Arrondissement,8460.56480731442,18560.5518509309,45.583584342025276
75106,Paris 6e Arrondissement,7521.68182064896,18598.9340708555,40.441467193732485
75107,Paris 7e Arrondissement,9492.19333405159,23525.3545347558,40.34877910140759
75101,Paris 1er Arrondissement,3583.67998084744,9007.8847514491,39.78381251237625
77305,Montereau-Fault-Yonne,2674.45801915954,6790.2541658655,39.38671445619809
77186,Fontainebleau,2507.53786871078,6421.57116408424,39.04866588936061
75116,Paris 16e Arrondissement,28565.2456340126,73798.5316473673,38.70706502739969
91200,Dourdan,1819.12920790473,4788.48005048111,37.98970004525669
75104,Paris 4e Arrondissement,5675.33057269017,14947.9618651102,37.967253488496446
77333,Nemours,1821.69882420223,4835.09993744296,37.676549559917355
91223,Étampes,4228.13742766271,11264.3428878807,37.5355888021818
75105,Paris 5e Arrondissement,9998.34417223083,26789.8921156136,37.32133048196797
77131,Coulommiers,2326.56402131858,6248.64112478492,37.23311956723489
75102,Paris 2e Arrondissement,4424.25737348501,12099.8826501891,36.56446513897279
77284,Meaux,8583.70227909225,23760.7009952941,36.125627273337955
75109,Paris 9e Arrondissement,12379.263274553,34540.812189206,35.83952573767654
77061,Cannes-Écluse,411.623093681917,1164.09803921569,35.359830513866996
75103,Paris 3e Arrondissement,6597.69631932128,18716.2181151755,35.25122585514073
78646,Versailles,12875.6141803762,38864.5615241382,33.12944666152827
78517,Rambouillet,4004.78851418645,12140.0623064645,32.98820395718997
75118,Paris 18e Arrondissement,32922.7429889039,100176.381282889,32.864775675948074
75115,Paris 15e Arrondissement,37734.4069442284,114821.816814575,32.8634470269404
75110,Paris 10e Arrondissement,15007.3484214682,45711.6554885107,32.83046361171537
75120,Paris 20e Arrondissement,30196.2699889628,92662.0873153042,32.58751325794443
77182,La Ferté-Gaucher,576.405524861879,1774.56132596685,32.48157820343746
91405,Milly-la-Forêt,617.108029219737,1909.8937184336,32.31111884727588
78640,Vélizy-Villacoublay,3851.16475320108,11931.9261519363,32.276136343469716
92050,Nanterre,14375.5437658853,44579.2770520911,32.247144225976136
77288,Melun,5848.1229044968,18223.0185778951,32.091954905817275
75113,Paris 13e Arrondissement,27442.9444430108,85618.2270985714,32.05268944825968
78322,Jouy-en-Josas,1096.02519918509,3422.37430857645,32.025287135847684
75119,Paris 19e Arrondissement,26904.3576714519,84396.4634973449,31.878536797099688
91235,Fleury-Mérogis,1296.34295057887,4094.03697259803,31.664173021774772
75112,Paris 12e Arrondissement,22376.2955643829,72790.0946597842,30.740852404393948
94028,Créteil,12466.6082087287,40670.3509447487,30.652816902575488
78361,Mantes-la-Jolie,4651.67379604005,15179.7001073612,30.644042788330715
91228,Évry-Courcouronnes,8020.92505719554,26336.4378461999,30.45561857695529
75117,Paris 17e Arrondissement,25542.9673632065,84279.195656311,30.307559492345238
75111,Paris 11e Arrondissement,23944.1075259847,79729.1754316576,30.0318012777006
75114,Paris 14e Arrondissement,19403.2272318883,66231.3084928734,29.296155660243556
92012,Boulogne-Billancourt,17901.1506030514,61615.46404375,29.053015960961854
92036,Gennevilliers,5679.68133957524,19612.5285913256,28.95945473388525
78440,Les Mureaux,3446.52309100788,11911.0964947182,28.935397278799563
93066,Saint-Denis,17167.5192696425,59384.530931628,28.909076152185513
77312,Montigny-sur-Loing,363.931345884938,1258.92250776556,28.908161037717367
93048,Montreuil,14007.0433760495,50425.0572171958,27.777942453722908
95127,Cergy,7832.63612648708,28449.3537827422,27.5318595504917
77327,Nangis,927.084005550512,3378.33397821305,27.44204721999947
78551,Saint-Germain-en-Laye,5527.51417597922,20247.5556365987,27.299661624279718
91272,Gif-sur-Yvette,2670.27645121555,9798.83934608793,27.250946330512356
78297,Guyancourt,3716.96835095947,13677.0395223268,27.176702567041517
91174,Corbeil-Essonnes,6181.97716474408,22888.3304962669,27.009297011646893
95585,Sarcelles,5515.57831148623,20732.6968984226,26.60328436049181
93005,Aulnay-sous-Bois,8689.24762839023,33059.4427216958,26.28370871686766
78465,Orgerus,277.091643121038,1056.27803422804,26.232832089852643
95277,Gonesse,2849.69486986691,10924.5790107014,26.085168747238967
93030,Dugny,1168.84175524291,4483.49913684825,26.069855699014738
94065,Rungis,709.568856885688,2742.6597659766,25.87155963302748
77111,Chessy,985.032526593509,3859.63532995277,25.521388483236905
93001,Aubervilliers,9103.78103296819,35833.5320207382,25.405759688158824
91340,Lisses,847.073749481348,3335.26279252622,25.397511445859745
92063,Rueil-Malmaison,9935.39618279658,39238.1507969431,25.320755389855453
91692,Les Ulis,2698.54205864886,10669.7713644422,25.291470327489403
95500,Pontoise,3500.43898585312,13873.8811873297,25.23042354615153
92051,Neuilly-sur-Seine,6833.61752714916,27124.078194387,25.19391618832339
78420,Montfort-l'Amaury,256.926376302345,1022.59756265988,25.12487665568588
93014,Clichy-sous-Bois,2309.38855739051,9253.92197598447,24.955781595995443
78498,Poissy,4386.79767675499,17610.4041153681,24.91026127518991
77183,La Ferté-sous-Jouarre,1075.31236994239,4318.46250735599,24.900352107045563
77069,Chailly-en-Bière,264.520025921134,1069.45878914891,24.73400832318585
93008,Bobigny,4754.63402977283,19248.776249282,24.700967833995076
95313,L'Isle-Adam,1317.47214241678,5369.11750510494,24.537964407821796
93073,Tremblay-en-France,3954.17731147216,16146.3787227464,24.48956127792089
77053,Brie-Comte-Robert,2186.54611515942,8934.95307387016,24.47182539272499
91471,Orsay,1902.80478405596,7801.9646478926,24.388790130828514
91286,Grigny,2210.54054466617,9088.83065179691,24.32150657608671
94011,Bonneuil-sur-Marne,1741.24729896483,7214.06014909111,24.136855847871015
78621,Trappes,3256.36494801463,13516.3725837695,24.092003441255258
78490,Plaisir,3475.57999648633,14511.1179396266,23.951152564168076
94034,Fresnes,3028.1354955784,12645.7824057173,23.94581369840229
94017,Champigny-sur-Marne,7955.39528673778,33345.0653867177,23.857788834646108
91201,Draveil,2997.06885533814,12563.3397303897,23.855669906692672
94078,Villeneuve-Saint-Georges,3355.02724966663,14110.4161772194,23.776954609483187
92026,Courbevoie,10085.6013947982,42919.7167646012,23.498760371868247
77517,Villevaudé,237.900913166255,1014.63524533899,23.44693960308586
77316,Moret-Loing-et-Orvanne,1320.2874540726,5648.23609791125,23.375217168433345
77431,Saint-Pierre-lès-Nemours,505.969289827256,2169.15547024952,23.325635103926132
94041,Ivry-sur-Seine,6699.10909794571,28752.1411228687,23.299513832093062
78403,Mézy-sur-Seine,241.891656965903,1038.51243232535,23.292129149025158
95018,Argenteuil,10358.3415023159,44560.4173699475,23.245611494881974
94081,Vitry-sur-Seine,9247.00163582653,39811.835341046,23.22676549978813
95572,Saint-Ouen-l'Aumône,2609.18306846876,11289.9107434241,23.110750188955215
77099,Château-Landon,275.745762711864,1193.22711864407,23.109243697478917
92044,Levallois-Perret,8171.80280214396,35484.6911504483,23.02909377877091
91103,Brétigny-sur-Orge,2893.57973627618,12574.0487630748,23.01231521205424
91479,Paray-Vieille-Poste,748.430755068322,3273.41132107507,22.86393861503841
91477,Palaiseau,3902.51822150697,17137.3961973744,22.77194374548492
95280,Goussainville,2647.00145245786,11721.4072447469,22.582625082360718
91135,Champcueil,284.887476086451,1262.24642530111,22.56987782860948
92024,Clichy,7238.67676103552,32139.0393181338,22.52300291051713
94033,Fontenay-sous-Bois,5481.79145825655,24424.8885300465,22.443465613008115
91631,Varennes-Jarcy,246.697241242776,1099.30581001057,22.441184154244027
94076,Villejuif,5804.88538818704,25961.4680666507,22.359619160535132
92025,Colombes,9280.39087144899,41626.9166611962,22.294206767660956
77449,Serris,1172.40312245476,5259.10171497161,22.29283984215713
94068,Saint-Maur-des-Fossés,7915.92052462748,35581.883330073,22.247053229858476
77159,Donnemarie-Dontilly,248.601070116263,1122.71309282667,22.142885097238576
78310,Houdan,366.278496684476,1657.19471195852,22.102321111777968
92062,Puteaux,5230.38146351242,23693.3566183968,22.075308061042183
77192,Fontenay-Trésigny,598.009972031946,2723.58595663391,21.956713742606777
93029,Drancy,6166.01440220258,28102.4033316909,21.941235165638677
91390,Le Mérévillois,332.4675976392,1517.23032637235,21.912796749463844
93006,Bagnolet,4043.37281463004,18492.499703153,21.86493378145432
78158,Le Chesnay-Rocquencourt,2906.21045244286,13345.7049721121,21.77637268706174
78423,Montigny-le-Bretonneux,3359.96246818256,15456.7438111584,21.737841483514558
91549,Sainte-Geneviève-des-Bois,3358.62099467879,15468.8128338586,21.712209144630286
95268,Garges-lès-Gonesse,3295.57940273085,15231.1975577197,21.637034056199575
78644,La Verrière,492.24415698045,2275.0849874554,21.63629753150484
92073,Suresnes,5393.04908515176,25019.8765184173,21.555058759710104
92023,Clamart,5886.0920268376,27315.9105879851,21.548218236688026
78233,Feucherolles,280.739273927393,1303.43234323432,21.53846153846162
93070,Saint-Ouen-sur-Seine,5327.80157933637,24738.7085315676,21.536296337126405
93051,Noisy-le-Grand,6916.29588478594,32163.9577825489,21.503248858691432
77350,Ozoir-la-Ferrière,2056.19269317421,9566.98086626526,21.49259752807369
77294,Mitry-Mory,1923.65736933683,8950.67905295324,21.491747809928754
77152,Dammarie-les-Lys,2017.48461770179,9398.01344967571,21.467139076837626
77257,Lizy-sur-Ourcq,292.464667355094,1364.77581586987,21.429502483430596
78133,Chambourcy,536.118466898954,2505.22648083624,21.399999999999945
92040,Issy-les-Moulineaux,7646.02153706629,35794.8926057378,21.36064946830057
91377,Massy,5393.72764731393,25267.701555346,21.34633273034189
94054,Orly,2089.52045025391,9804.8766283008,21.311032555195208
93072,Stains,3026.78130229966,14238.611594157,21.25755929420632
77168,Égreville,212.589877059024,1002.22668476364,21.21175581242482
77373,Pontault-Combault,3784.60640798548,17869.4895826532,21.179152266662303
91021,Arpajon,1156.48033216034,5487.96107895282,21.073041800453378
92078,Villeneuve-la-Garenne,1960.92205493551,9308.06478811373,21.06691454747479
95370,Marines,334.319639806481,1589.42316963466,21.034023298108
95476,Osny,1486.24474872635,7066.74809976676,21.031522954319033
93007,Le Blanc-Mesnil,4863.54023123595,23159.7982874659,20.999924830382056
92048,Meudon,4653.41266721021,22170.5161624836,20.98919408599336
95355,Magny-en-Vexin,534.38443231997,2547.62325375653,20.975802899114207
78335,Limay,1425.37281409482,6832.83213274476,20.86064440635168
77118,Claye-Souilly,1189.59525037737,5719.43634267592,20.799169342984605
91064,Bièvres,480.922162162162,2312.67135135135,20.795093167092137
91016,Angerville,396.419795221843,1906.89874857793,20.78871757178891
91027,Athis-Mons,3420.34938096094,16464.9594132919,20.773506299686023
78380,Maule,571.19795221843,2750.9343003413,20.763780223597607
93027,La Courneuve,3728.92493079382,17971.7708729373,20.748789627676604
93064,Rosny-sous-Bois,4320.68886255736,20825.8874679181,20.74672145047025
77108,Chelles,4987.84838447101,24136.1546492623,20.66546414270452
93053,Noisy-le-Sec,3970.81475644892,19376.8157385751,20.49260729947427
77040,Boissise-le-Roi,324.020722200693,1584.87322545881,20.44458301116742
91363,Marcoussis,841.202146690518,4125.88908765653,20.388384874599566
77014,Avon,1204.42475744209,5974.50788713827,20.159396894176624
77037,Bois-le-Roi,549.726533739171,2730.158872962,20.13533128725079
91648,Vert-le-Grand,251.052991290949,1249.07115210328,20.09917456409165
78043,Bailly,323.523793732485,1610.93971532959,20.08292369067912
94071,Sucy-en-Brie,2440.28085692062,12216.4057750072,19.97544041892454
78672,Villennes-sur-Seine,533.013207361779,2668.95917112888,19.97082657267973
78350,Louveciennes,691.574101285063,3468.22579394089,19.940284813441693
94046,Maisons-Alfort,5847.84462990586,29372.9098857008,19.908972766612692
91461,Ollainville,517.50974288544,2601.72373576011,19.891033616382266
92060,Le Plessis-Robinson,2878.52640078951,14538.0462414093,19.799953535644203
91432,Morangis,1226.50597872769,6196.65054194852,19.793047395924614
77238,Jouarre,379.468450508301,1917.19561103359,19.792891675968505
77215,Gretz-Armainvilliers,747.924497596173,3779.21346411903,19.790480339287242
94002,Alfortville,4111.97735207482,20794.3440887766,19.774498943172684
78571,Saint-Nom-la-Bretèche,365.724694609433,1854.14966103265,19.724658817764816
92033,Garches,1582.35484811534,8052.67698508681,19.650047444418657
78029,Aubergenville,1048.16860748991,5341.67186463089,19.622482137665685
93050,Neuilly-sur-Marne,3327.59045156905,17001.6529822803,19.572158395640578
95052,Beaumont-sur-Oise,865.108008167559,4423.34192736308,19.55779187713129
78591,Septeuil,204.082125603865,1045.02415458937,19.528938609467517
78172,Conflans-Sainte-Honorine,3223.07914944657,16506.2235051894,19.52644799964853
95211,Ennery,212.192540527958,1088.47966008381,19.494396478811534
94043,Le Kremlin-Bicêtre,2209.94230452773,11343.2205370373,19.482494387832276
78431,Morainvilliers,298.568287277096,1532.75515092433,19.479189947399227
78537,Saint-Arnoult-en-Yvelines,494.940887794591,2548.73769427888,19.41905943893633
78358,Maisons-Laffitte,2164.92524343456,11155.4975615087,19.40680127890028
93010,Bondy,3744.54129699824,19346.1809727752,19.355454713608456
78362,Mantes-la-Ville,1619.09606135113,8371.41325816166,19.34077331294811
92076,Vaucresson,745.788519637463,3864.16012084592,19.300145343723468
93047,Montfermeil,2102.63622097814,10899.3524151353,19.29138668879383
77243,Lagny-sur-Marne,1927.43231611388,9994.93717913673,19.284086348608284
91359,Maisse,240.178225827872,1250.99920031931,19.1989112196529
77393,Rozay-en-Brie,260.746984761536,1358.71277873521,19.19073617635793
91421,Montgeron,1956.21257141406,10215.8005756074,19.148891532641823
95680,Villiers-le-Bel,2035.93750775248,10637.9499177461,19.13843854778968
92019,Châtenay-Malabry,3285.63757507418,17171.9478109887,19.13375006282997
77494,Vernou-la-Celle-sur-Seine,220.489961781879,1153.99068003938,19.106736787021084
92002,Antony,5779.59220337066,30344.3782369795,19.046665442389255
77458,Souppes-sur-Loing,365.377066115703,1921.97314049587,19.01051884738803
78138,Chanteloup-les-Vignes,774.763132360514,4082.1206583439,18.979427537911935
93055,Pantin,5240.81180656895,27692.3644069252,18.925114986780788
94016,Cachan,2462.34469209118,13037.7057248784,18.886334329456158
91111,Briis-sous-Forges,317.686595232631,1685.33229423356,18.850086497458687
77048,Bourron-Marlotte,239.694450630021,1273.00105294465,18.829085025151425
78160,Chevreuse,491.694978733558,2614.54491868479,18.806140036825155
93031,Épinay-sur-Seine,3995.7790073756,21252.9006537808,18.801099541510197
78208,Élancourt,2364.57321076953,12582.3274368162,18.792812559071784
95203,Eaubonne,2256.45957031371,12017.2192023421,18.77688616908924
94067,Saint-Mandé,1947.18272054031,10431.3065398283,18.666719390381953
78455,Noisy-le-Roi,582.782492630895,3123.39111761196,18.658646025620733
94003,Arcueil,1935.35295395518,10379.9530652945,18.645103130822974
78401,Meulan-en-Yvelines,708.846264603491,3804.62994503229,18.631148754139215
78513,La Queue-les-Yvelines,205.368768301049,1103.45103094245,18.611498158250388
77083,Champs-sur-Marne,2142.40755388355,11513.1945249111,18.608280692626384
91661,Villebon-sur-Yvette,900.66970590959,4842.73375427635,18.598373390117896
91521,Ris-Orangis,2269.47519997008,12228.4308441591,18.559005884668295
92049,Montrouge,4527.43508511434,24479.8914305052,18.494506390957902
78396,Le Mesnil-le-Roi,515.667747163695,2788.59805510535,18.49200698607723
78650,Le Vésinet,1314.19275271896,7120.07348686194,18.457572876795822
78090,Bouafle,209.716853932584,1138.46292134831,18.421052631579
95487,Persan,1108.88691962553,6021.86805840158,18.414334370518713
93078,Villepinte,2800.59819642109,15216.1977477562,18.405374607030655
78165,Les Clayes-sous-Bois,1438.8208919761,7826.09481962687,18.384915147816976
93039,L'Île-Saint-Denis,613.070006035004,3354.47133373567,18.276203462208912
91136,Champlan,236.013215363876,1294.50153218196,18.23197651732876
91540,Saint-Chéron,433.384598947657,2379.14681350438,18.215967021778713
78586,Sartrouville,4324.44732991104,23757.9591070281,18.20209939090171
92077,Ville-d'Avray,936.97134848816,5157.38534292634,18.16756527167922
95612,Le Thillay,362.167988018771,1997.96757558965,18.12682009676189
94021,Chevilly-Larue,1556.96888248841,8589.90573310242,18.125564247910305
92046,Malakoff,2724.79068638437,15036.0108029656,18.121765953020937
77390,Roissy-en-Brie,1912.79597207399,10583.4757907261,18.073419450253773
77487,Vaux-le-Pénil,918.211344577728,5086.71396317988,18.051169207157905
78383,Maurepas,1660.77924019841,9200.96192574086,18.05006100016748
91129,Cerny,302.541798505379,1676.28805572437,18.048317976867192
78118,Buchelay,238.109090909091,1319.52121212121,18.045112781954924
77132,Coupvray,251.700424041481,1399.78113180119,17.98141283113322
95369,Margency,227.375874658821,1270.73687838119,17.89323018219778
95607,Taverny,2196.0242481153,12275.0275903693,17.89017769571654
95580,Saint-Witz,206.947765395463,1156.87728570878,17.888480303999835
94022,Choisy-le-Roi,3667.71865802993,20514.3554823072,17.87879059224253
78356,Magny-les-Hameaux,777.875268817204,4352.89462365591,17.87029864196165
91386,Mennecy,1363.96048242454,7635.06282357687,17.864430377870193
94074,Valenton,980.697050822543,5492.06784132159,17.856608460731465
78168,Coignières,347.953172136386,1954.03890726251,17.806870213441517
92007,Bagneux,3369.76020222611,18927.067199818,17.80392158304649
78575,Saint-Rémy-lès-Chevreuse,613.095491135332,3443.9493889994,17.802105138178582
77018,Bailly-Romainvilliers,685.582025677603,3853.2910128388,17.792116489341417
77317,Mormant,397.799793616449,2245.92708045784,17.712052945875524
95051,Beauchamp,734.755826552981,4148.36945613845,17.711918726663647
95210,Enghien-les-Bains,929.556367155052,5252.56064550435,17.697203895221207
78124,Carrières-sur-Seine,1308.50124656045,7426.97040105629,17.61823699168574
78117,Buc,498.249563699826,2828.60209424084,17.614692597247394
77482,Varennes-sur-Seine,255.364742011898,1450.83809297368,17.60118811662127
94019,Chennevières-sur-Marne,1419.86922965056,8083.15444769835,17.565781265689694
77296,Moissy-Cramayel,1469.57369770125,8372.59380750214,17.552191489147127
92071,Sceaux,1589.74623456511,9057.81121096012,17.551108071688304
94044,Limeil-Brévannes,2198.97794314887,12579.0898453548,17.48121660774136
94055,Ormesson-sur-Marne,804.791506764241,4603.81625565597,17.48096496630427
93071,Sevran,3372.81794273153,19323.3215928383,17.454648914923506
95563,Saint-Leu-la-Forêt,1316.09567405483,7540.16792716936,17.454461051358876
78217,Épône,536.597531869027,3076.6276091872,17.441094601981685
78263,Gambais,223.936224150728,1285.23972709713,17.423692983449488
78367,Mareil-Marly,312.643184952104,1794.64016180632,17.420939952520957
78126,La Celle-Saint-Cloud,1584.53104398758,9109.80865872169,17.393680848286063
78466,Orgeval,517.212215062119,2976.68039579216,17.37547019805186
91511,Pussay,182.038461852876,1048.6425632946,17.359438594686825
91225,Étiolles,250.537446479883,1446.15512953681,17.324382520437336
92072,Sèvres,1929.80921919708,11151.3995327824,17.30553383477931
95539,Saint-Brice-sous-Forêt,1122.24114399069,6497.76483423416,17.271187440918823
91275,Gometz-le-Châtel,215.392718216478,1247.73766857817,17.26266054481818
91687,Viry-Châtillon,2284.34612128821,13236.6480004849,17.257738675263763
78372,Marly-le-Roi,1309.7253876088,7610.234380922,17.210053226378072
95306,Herblay-sur-Seine,2450.37192062778,14283.6962564317,17.155026798644084
93045,Les Lilas,1774.71594659918,10358.4727487235,17.132988517229844
78089,Bonnières-sur-Seine,383.875271762552,2240.92852138845,17.130188138473418
78220,Les Essarts-le-Roi,532.647089446558,3113.00020016193,17.1104097397376
95351,Louvres,956.099714047572,5589.02095002959,17.106747721933484
95652,Viarmes,435.798898071625,2549.67401285583,17.09233791748526
94015,Bry-sur-Marne,1464.60300410338,8587.14618612446,17.05575953126265
95424,Montigny-lès-Cormeilles,1544.74559109074,9064.82316789523,17.041100112815723
92064,Saint-Cloud,2471.04609203894,14521.8080035116,17.016104960493916
77142,Crécy-la-Chapelle,413.815265055236,2439.24281735116,16.96490657312294
92032,Fontenay-aux-Roses,1905.25015110459,11232.2444886208,16.962327992724582
94060,La Queue-en-Brie,915.683351740249,5399.27248377201,16.959383963162004
94077,Villeneuve-le-Roi,1541.64190800908,9091.99574001711,16.95603420956045
91161,Chilly-Mazarin,1542.69026257676,9105.55508391227,16.942297843021027
78643,Vernouillet,697.538639682513,4132.50081170317,16.87933460792302
93046,Livry-Gargan,3309.27270294937,19628.0202876183,16.85994132091313
94004,Boissy-Saint-Léger,1304.44418225036,7757.5308218916,16.815198188697416
95394,Méry-sur-Oise,803.834107291609,4805.59087855288,16.7270607841188
93063,Romainville,2648.81094729808,15851.4834306977,16.710177056163968
77468,Torcy,1723.07905131925,10313.1011450006,16.707671408367144
93057,Les Pavillons-sous-Bois,1801.34072061451,10791.6252049372,16.69202447644671
95428,Montmorency,1581.68062294261,9482.67026813345,16.67969652237992
77407,Saint-Fargeau-Ponthierry,1133.47152207504,6796.28197884875,16.677817748036453
95063,Bezons,2669.38048885301,16064.0667786404,16.61709033980333
95426,Montlignon,223.768623699662,1348.5494631766,16.593282620317073
91105,Breuillet,712.448887124603,4303.74601240337,16.55415735666858
78087,Bonnelles,166.050593132236,1006.37822710702,16.499819715851018
77122,Combs-la-Ville,1729.03827198891,10493.473793119,16.477272503627077
93033,Gournay-sur-Marne,538.802826222495,3269.99973380431,16.477151990335273
77445,Savigny-le-Temple,2212.27027633554,13451.7783140509,16.445931717628284
78190,Croissy-sur-Seine,782.915117966326,4762.04429169555,16.440735743084932
93061,Le Pré-Saint-Gervais,1343.04799632457,8184.05986336872,16.410534853685014
78005,Achères,1687.24133507583,10318.3570699166,16.35184093400896
77470,Tournan-en-Brie,631.256432400699,3861.40310983926,16.347851142300875
94042,Joinville-le-Pont,1582.19325383431,9682.55038390076,16.34066636477341
77251,Lieusaint,1139.26243036574,6972.25051183443,16.339952622643146
91600,Soisy-sur-Seine,497.664613788832,3050.8294547012,16.312436377653025
91657,Vigneux-sur-Seine,2182.86889333485,13397.522735535,16.29307847744945
95598,Soisy-sous-Montmorency,1327.64452071361,8151.96542722949,16.28618929465726
91114,Brunoy,1832.49958802864,11329.8258814569,16.174119595499022
91115,Bruyères-le-Châtel,282.778583214833,1749.18178784978,16.166334750286005
78073,Bois-d'Arcy,1258.05075515652,7783.63931065985,16.162757611771582
91345,Longjumeau,1471.31829934958,9126.8941477188,16.120689859401132
94018,Charenton-le-Pont,2269.27646143971,14102.4934648009,16.09131368933946
93013,Le Bourget,971.597594030371,6042.64905468077,16.079000869291757
78418,Montesson,1126.32304936769,7005.37239696304,16.077989656281115
91243,Fontenay-lès-Briis,193.983136985301,1206.53151052712,16.077751413268267
91179,Le Coudray-Montceaux,356.835367546828,2228.51728955818,16.01223240307789
77493,Verneuil-l'Étang,240.126194718387,1500.3927206232,16.004222855643334
78146,Chatou,2294.17211031343,14372.357147308,15.962392854557875
77249,Lésigny,520.861659393755,3270.12198541695,15.92789693217954
78486,Le Perray-en-Yvelines,494.848042977744,3109.04528012279,15.916398713826396
94052,Nogent-sur-Marne,2560.03507531112,16089.8249740996,15.910894490350923
92009,Bois-Colombes,2426.15599064564,15284.632425101,15.873171975410513
91425,Montlhéry,734.347367603407,4629.09854874017,15.863722922970885
78224,L'Étang-la-Ville,335.780270113163,2117.51412974887,15.85728592767338
78642,Verneuil-sur-Seine,1137.56204079811,7175.38296797635,15.8536770214919
77389,La Rochette,299.233902759527,1889.72404730617,15.834793613707218
77514,Villeparisis,1939.24402177838,12262.1865573881,15.814830517400377
78267,Gargenville,538.600534402138,3409.46893787575,15.79719728251022
94069,Saint-Maurice,1059.67396938706,6708.84252112442,15.795183238396476
95176,Cormeilles-en-Parisis,2005.4939830471,12700.6169448581,15.790524127719898
95019,Arnouville,930.323704501669,5898.77101687272,15.771483616512501
91659,Villabé,395.017751875817,2504.70184335402,15.771048874498087
91691,Yerres,1993.26721510063,12642.5465593254,15.766342688533392
77226,Héricy,164.342886376765,1044.35234138327,15.736344896693472
94037,Gentilly,1406.65928055264,8942.18298526638,15.730602727212442
91099,Boutigny-sur-Essonne,200.507077034041,1275.21006072613,15.72345476319943
95218,Éragny,1316.02091428507,8384.40725642749,15.696051897720112
77005,Annet-sur-Marne,255.553488372093,1628.52713178294,15.692307692307747
93077,Villemomble,2184.19981998053,13928.7514115609,15.681231974372364
77058,Bussy-Saint-Georges,2143.93155563684,13711.8990391012,15.635555290504625
77100,Le Châtelet-en-Brie,320.088638159226,2049.44511216444,15.618307426695466
95252,Franconville,2712.36987063427,17369.0222241063,15.61613449299292
95199,Domont,1119.83625099437,7190.65365416779,15.57349727650002
77450,Servon,253.950872413351,1631.64541242762,15.564096860696827
92020,Châtillon,2866.21426835925,18445.9505810425,15.538447074150524
92075,Vanves,2206.04426584362,14212.287877697,15.522091058298306
77181,Ferrières-en-Brie,322.0357157651,2075.10762891211,15.51898857091714
77419,Saint-Mammès,227.3152051887,1467.49527207447,15.49001277989566
91645,Verrières-le-Buisson,954.706126601653,6182.16230715864,15.4429159114142
94073,Thiais,2303.99818207356,14940.2735643334,15.42139219976431
94080,Vincennes,4023.37717260844,26122.8490711128,15.401754845559996
92004,Asnières-sur-Seine,7165.9058630233,46533.5752597278,15.399431105447405
95582,Sannois,1865.63482775858,12116.9714620302,15.396873992851615
93062,Le Raincy,1079.21657734936,7009.57629395165,15.396316868404488
91226,Étréchy,461.967444980043,3001.95552495482,15.38888371728944
95555,Saint-Gratien,1370.06823930691,8917.18862421085,15.364351894352327
78123,Carrières-sous-Poissy,1398.95350146023,9114.93252949034,15.347930409074046
78481,Le Pecq,1111.28927769776,7261.0922591758,15.304712266855311
92022,Chaville,1597.40332161893,10457.5295017897,15.2751500375452
93032,Gagny,2704.43811153498,17706.2072102291,15.273954943736298
77455,Soignolles-en-Brie,166.676078222044,1091.81212385241,15.266003608197257
94048,Marolles-en-Brie,313.601963113476,2058.25920354158,15.236271630602758
91232,La Ferté-Alais,276.114480659828,1813.2185025213,15.227865823996822
94075,Villecresnes,800.087485401914,5262.12466159895,15.204647112233166
91534,Saclay,318.427304959706,2096.39479711092,15.189281398643828
94038,L'Haÿ-les-Roses,1985.74798836409,13074.1801827384,15.188317436422027
91086,Bondoufle,776.754997178404,5115.06544453843,15.185631652235806
78015,Andrésy,987.034889403023,6516.56190736492,15.146558928374349
94058,Le Perreux-sur-Marne,2585.23034151383,17077.8414561734,15.137922132303819
77210,La Grande-Paroisse,190.030369127942,1256.08075660995,15.128833725692688
77463,Thomery,240.540364666954,1593.94741822783,15.090859454723399
77285,Le Mée-sur-Seine,1134.83376070664,7525.74063573451,15.079363156871278
91689,Wissous,518.592813639775,3451.37267997302,15.025697359458412
78255,Freneuse,236.809244167683,1580.28534306692,14.985220562009282
77337,Noisiel,1010.79288470907,6745.82658818243,14.98397374281473
91315,Itteville,497.472341066346,3327.31687799575,14.951156120904377
93079,Villetaneuse,664.818159723243,4448.85125404791,14.943591542161357
92035,La Garenne-Colombes,2396.42440530412,16066.8456634421,14.915338427360725
77437,Saint-Soupplets,248.863289902013,1668.67969603996,14.913784262648178
78382,Maurecourt,293.856891379062,1971.9139986878,14.902114979385894
91338,Limours,435.048099758354,2921.00410328749,14.893785985056379
91207,Égly,429.967235958709,2889.67577954094,14.879428308286355
95323,Jouy-le-Moutier,1159.94315505941,7801.19323447375,14.868791480943965
95219,Ermont,1905.95534832674,12830.4641122678,14.854921315779745
95197,Deuil-la-Barre,1593.42746099513,10732.883365943,14.846219852265488
78092,Bougival,663.673205517201,4471.35004320343,14.842792425209513
91514,Quincy-sous-Sénart,596.475471698113,4024.9563342318,14.819427148194286
78003,Ablis,266.572817076189,1799.6233553667,14.812700462084791
77307,Montévrain,1219.70396596376,8308.45389475379,14.68027603467738
78311,Houilles,2480.13920085434,16904.9521006469,14.671080912198695
78624,Triel-sur-Seine,901.183248160503,6143.33953056717,14.669273017981855
78354,Magnanville,342.078362323815,2332.9231470255,14.663078925680354
94070,Santeny,271.370449950105,1855.82469788109,14.62263382203855
95014,Andilly,161.25826446281,1103.89462809917,14.608121133851837
91434,Morsang-sur-Orge,1327.84868779068,9092.43112401486,14.603890529163055
77079,Champagne-sur-Seine,383.648588535195,2631.70229498403,14.577963064683317
91589,Savigny-sur-Orge,2520.0032601887,17298.8072547174,14.56749718684502
77107,Chaumes-en-Brie,239.571923721555,1648.22460801249,14.535150279696563
77258,Lognes,996.217595444393,6875.4489583997,14.489491544073193
78238,Flins-sur-Seine,168.807573372997,1166.37236281727,14.472871507796803
91339,Linas,503.401594785529,3482.52125146222,14.45509039102529
93049,Neuilly-Plaisance,1517.59422703438,10512.5110328361,14.436077377651593
77322,Moussy-le-Neuf,246.38589509695,1707.23556289376,14.431862857831202
77479,Vaires-sur-Marne,846.774988575811,5890.56250007134,14.37511253917696
94079,Villiers-sur-Marne,2161.04218008235,15083.9707198511,14.326746055256745
78242,Fontenay-le-Fleury,939.581681350741,6563.42341350184,14.315420812527435
95205,Écouen,493.457629820527,3455.49369523099,14.280379978743987
91570,Saint-Michel-sur-Orge,1336.34193936699,9367.40724296423,14.265867861896403
77276,Mareuil-lès-Meaux,198.076095248538,1395.51563742,14.193756768984468
92014,Bourg-la-Reine,1369.0597121259,9667.83623456997,14.160973344071092
77128,Couilly-Pont-aux-Dames,147.34686936527,1041.88526413247,14.14233164032308
91312,Igny,725.280699935081,5157.5021015678,14.062635082874847
77438,Saint-Thibault-des-Vignes,460.277107338884,3274.68541954551,14.055612932822273
78321,Jouars-Pontchartrain,393.538853563958,2805.44430152723,14.027683720176624
77330,Nanteuil-lès-Meaux,468.523547933484,3346.38650443496,14.00087967461471
77382,Quincy-Voisins,382.057704097479,2734.11350783863,13.9737323634198
95604,Survilliers,268.075011620266,1921.8495745051,13.948803026860135
91553,Saint-Germain-lès-Corbeil,455.270542062309,3276.75688086606,13.893937164541153
91587,Saulx-les-Chartreux,411.398796686196,2961.59864064723,13.891105669750328
94047,Mandres-les-Roses,298.808726569383,2151.79476317033,13.886488232229707
91330,Lardy,402.355537553213,2900.00866170609,13.874287441490093
91617,Tigery,319.932923986277,2307.39423554007,13.865550977741492
77222,Guignes,298.241464254606,2154.58638986253,13.842167835917449
94059,Le Plessis-Trévise,1283.17064744859,9271.68292904913,13.839673522789322
77096,Chartrettes,164.572564349284,1192.16690778336,13.804490233274452
95078,Boissy-l'Aillerie,141.056234718826,1022.8239608802,13.790861390990376
95488,Pierrelaye,612.34094953861,4443.59441710753,13.780306933079666
95250,Fosses,614.00612897194,4494.05320816039,13.662635944252187
78062,Beynes,510.862652304937,3743.63776861543,13.64615606209886
77153,Dammartin-en-Goële,767.843629672623,5639.15698950243,13.616283978296789
91215,Épinay-sous-Sénart,617.479613474436,4544.06479945513,13.588706163443723
91045,Ballancourt-sur-Essonne,475.057409417317,3499.65973621471,13.574388518443422
78402,Mézières-sur-Seine,250.06564839775,1843.90904511547,13.561712767784071
95183,Courdimanche,464.478446396614,3430.76600010331,13.538622173084006
95039,Auvers-sur-Oise,418.913473724792,3101.79042277725,13.50553766136493
91552,Saint-Germain-lès-Arpajon,677.739819105631,5029.6781800053,13.47481478635909
77067,Cesson,686.236114308314,5096.70063073671,13.464320626756548
77171,Esbly,414.503229399074,3082.31483856358,13.447790089874164
91191,Crosne,607.241617881852,4516.91750931347,13.443717239240598
77413,Saint-Germain-sur-Morin,260.205915292542,1936.07544402984,13.439864448202337
91376,Marolles-en-Hurepoix,369.901441143214,2753.17567699102,13.435446355079089
95566,Saint-Martin-du-Tertre,155.69953229212,1160.34980521248,13.418327093493046
77349,Othis,434.097108969607,3238.27501853224,13.405195867717346
91666,Villejust,158.134745528872,1181.38443488396,13.385545031698728
95504,Presles,257.376197210527,1925.77948448046,13.364780302453081
78442,Neauphle-le-Château,224.890353475865,1683.44170872028,13.358962909789273
78531,Rosny-sur-Seine,383.990116910264,2884.29728639316,13.313125478492099
77533,Vulaines-sur-Seine,156.017374517374,1172.64671814672,13.304721030042854
77464,Thorigny-sur-Marne,655.404707025997,4950.15851409991,13.240075144243532
78206,Ecquevilly,247.669314356343,1877.3618157869,13.192412473379934
95352,Luzarches,301.156384161863,2284.59252848999,13.182061151224786
91649,Vert-le-Petit,186.719330855019,1418.05762081784,13.167259786476935
95060,Bessancourt,538.40369639201,4090.44536279299,13.162471287096805
91665,La Ville-du-Bois,525.457943925234,3993.48037383178,13.157894736842099
95058,Bernes-sur-Oise,148.869633489182,1131.56819906796,13.156046061722273
77378,Pringy,232.519948519949,1781.05662805663,13.055168760897807
94053,Noiseau,293.557289656994,2249.59713531204,13.049327146136985
95288,Groslay,514.29206808332,3944.42391085804,13.038458332726332
91573,Saint-Pierre-du-Perray,758.018147250886,5815.39324459558,13.034684248659111
77513,Villenoy,322.982302152647,2482.68789180505,13.00938000377571
91577,Saintry-sur-Seine,333.370208671403,2570.59114994229,12.968620415536995
91458,Nozay,303.981075937075,2356.98661154365,12.897021750072229
95392,Mériel,330.515154103224,2565.4703933571,12.883218413240835
91216,Épinay-sur-Orge,607.450340520944,4722.40032178203,12.863169132847222
77121,Collégien,201.611209932914,1570.92498350572,12.833917090235127
95637,Vauréal,935.78696696167,7366.21807758403,12.703764090413532
77114,Chevry-Cossigny,266.17904099554,2100.25862119099,12.673631633260396
78688,Voisins-le-Bretonneux,642.812322611434,5072.94380846174,12.671386612625476
77374,Pontcarré,135.933136828861,1075.5892213753,12.638015901186733
95480,Parmain,328.060835545798,2609.10783824671,12.57367866275129
77055,Brou-sur-Chantereine,286.466936916402,2287.44260638706,12.52345899811961
91122,Bures-sur-Yvette,497.723974501174,3981.96042706936,12.499470640583148
77320,Mouroux,345.619134744151,2779.97250390767,12.432465941959183
95427,Montmagny,733.664447521486,5925.46317710106,12.381554413446203
91347,Longpont-sur-Orge,377.139759036144,3047.49397590361,12.375406219607656
77420,Saint-Mard,220.801520110953,1785.92628973581,12.363417313466833
78638,Vaux-sur-Seine,309.556134615211,2505.07031938638,12.357183437909924
91085,Boissy-sous-Saint-Yon,235.19921341581,1904.85679199912,12.347343611535845
91326,Juvisy-sur-Orge,1160.77234718206,9440.44003356693,12.295744086660749
77217,Grisy-Suisnes,183.912117013547,1496.78095055832,12.287176486642567
78674,Villepreux,679.77256676166,5555.25446974038,12.236569368053244
91156,Cheptainville,141.169774893827,1154.15173111211,12.231474518328673
78327,Juziers,218.706896551724,1788.97783251232,12.225243520462561
77169,Émerainville,432.485151671715,3543.34993803001,12.205544449052159
78265,Garancières,150.998043052837,1238.18395303327,12.195121951219448
78686,Viroflay,1029.73759598386,8446.92756530056,12.190676290559853
95091,Bouffémont,357.625123559764,2933.81768405546,12.189752809227512
91457,La Norville,230.696158323632,1905.75087310827,12.1052631578947
77495,Vert-Saint-Denis,472.90415344728,3908.3868198013,12.09972746431793
91249,Forges-les-Bains,238.45814270239,1974.32147414057,12.077979489444179
78545,Saint-Cyr-l'École,1266.47513581666,10516.2161062253,12.043068752333292
77377,Presles-en-Brie,137.770282490996,1144.0936752574,12.041870824956726
95134,Champagne-sur-Oise,270.917082917083,2252.62537462538,12.026726057906433
95388,Menucourt,339.088013411567,2842.38222967309,11.92971198143771
95371,Marly-la-Ville,311.42347643532,2619.27647261974,11.889675629539077
77175,Évry-Grégy-sur-Yerre,180.116497233705,1534.35145523309,11.73893351613778
91494,Le Plessis-Pâté,224.584838025431,1920.20457856878,11.695880768747296
91685,Villiers-sur-Orge,264.479825517993,2265.54416575791,11.674008810572648
91433,Morigny-Champigny,231.816492450639,1990.5981416957,11.645569620253191
95026,Asnières-sur-Oise,188.298819624803,1622.61186366777,11.604674157821714
78397,Le Mesnil-Saint-Denis,361.317518902803,3130.04000171971,11.543543172109223
78502,Le Port-Marly,296.428004570069,2572.47660425888,11.523059299327183
77352,Ozouer-le-Voulgis,118.406094037236,1028.3863883572,11.513774917459214
91044,Ballainvilliers,275.059523809524,2420.52164502164,11.363646525336687
77394,Rubelles,150.419254658385,1323.68944099379,11.363636363636347
78683,Villiers-Saint-Frédéric,172.355234921144,1523.68820523063,11.311712877311129
77315,Montry,215.169757093629,1923.65060763731,11.185490558387183
77139,Courtry,363.974947135563,3270.36828321981,11.129478872551166
95574,Saint-Prix,373.531143052703,3371.6810403833,11.078483954408663
77442,Samoreau,120.68125559877,1092.05329945521,11.050857651267934
77176,Faremoutiers,158.743666375958,1436.87422505352,11.047847028506979
93074,Vaujours,385.602530461307,3495.09160099352,11.032687393706507
95120,Butry-sur-Oise,120.107142857143,1100.98214285714,10.909090909090951
95229,Ézanville,469.982547215665,4325.06443150314,10.866486607514572
78501,Porcheville,146.486405391186,1350.463999528,10.847116653415744
91097,Boussy-Saint-Antoine,366.26739098352,3384.88211098893,10.820683822176335
95116,Bruyères-sur-Oise,232.04239514006,2161.80320109892,10.733742785749635
91095,Bouray-sur-Juine,108.841474604865,1020.18469687301,10.668800947365446
77219,Guérard,142.354022012064,1334.70188911686,10.66560429507268
95257,La Frette-sur-Seine,226.036184210526,2124.74013157895,10.638297872340399
77268,Magny-le-Hongre,512.464908280041,4819.5963212554,10.632942556204688
95430,Montsoult,204.264816585228,1934.93607403976,10.556670027799104
91667,Villemoisson-sur-Orge,359.993036984687,3410.69046189486,10.554843396274885
94056,Périgny,150.21897810219,1442.10218978102,10.416666666666696
77155,Dampmart,175.340486409156,1693.30472103004,10.354928101924626
95056,Belloy-en-France,117.719704152172,1167.03132753833,10.087107464414284
77335,Chauconin-Neufmontiers,132.593149512238,1327.28338621223,9.989814600982026
77143,Crégy-lès-Meaux,259.712442396313,2602.11889400922,9.980806142034522
77085,Chanteloup-en-Brie,202.004003167761,2028.48800874003,9.958353330036852
77042,Boissy-le-Châtel,137.016564787255,1390.79539704818,9.851669417231216
95149,Chaumontel,152.637288474107,1557.75281049794,9.79855644910158
78299,Hardricourt,114.881269848815,1174.93362880859,9.777681652137856
95256,Frépillon,153.715715970125,1589.14211907706,9.672874069903818
77483,Varreddes,99.4366197183098,1029.16901408451,9.661835748792235
77259,Longperrier,129.589842705468,1348.52401855945,9.609754140226682
77344,Oissery,118.16857385975,1247.65566664931,9.471248920553712
77371,Pommeuse,140.184514003295,1481.95057660626,9.459459459459469
77326,Nandy,257.768002638699,2756.78860596243,9.350299913500582
77475,Trilport,221.87289717623,2378.2992195927,9.329057309038987
78314,Issou,167.29368927702,1854.03913307096,9.0232016300498
95491,Le Plessis-Bouchard,358.824667472793,3981.95707376058,9.011264080100121
94001,Ablon-sur-Seine,246.605258834488,2762.08521647711,8.92822775211185
77409,Saint-Germain-Laval,95.9700704225352,1090.875,8.79753137825463
95509,Puiseux-en-France,151.084967775703,1760.28869671167,8.582965286202157
91579,Saint-Vrain,115.658435285404,1373.88646116931,8.418340128846419
93015,Coubron,176.901809082872,2174.64037459435,8.134761551820754
77521,Villiers-sur-Morin,85.5409249347978,1054.74700734074,8.110089371143717
77430,Saint-Pathus,238.116923076923,2981.42230769231,7.986688851913469
77241,Juilly,80.9222677626813,1042.79157078989,7.760157449430147
91468,Ormoy,111.666888757689,1453.38290588547,7.68323944815191
77372,Pomponne,142.150040017134,1903.38002324478,7.46829525796978
91333,Leuville-sur-Orge,149.195036704748,2116.76250309466,7.04826528656985
95641,Vémars,88.8114204077679,1427.90803639407,6.219687693056584
