code_commune,nom_commune,total_travailleurs_entrants
75108,Paris 8e Arrondissement,177469
75115,Paris 15e Arrondissement,176770
75113,Paris 13e Arrondissement,125024
75112,Paris 12e Arrondissement,120245
75109,Paris 9e Arrondissement,119357
75116,Paris 16e Arrondissement,115676
75117,Paris 17e Arrondissement,108544
92026,Courbevoie,97891
93066,Saint-Denis,88072
75119,Paris 19e Arrondissement,88005
92050,Nanterre,87864
92012,Boulogne-Billancourt,86205
75118,Paris 18e Arrondissement,80239
92062,Puteaux,80150
75114,Paris 14e Arrondissement,79328
75110,Paris 10e Arrondissement,79007
75111,Paris 11e Arrondissement,78805
75120,Paris 20e Arrondissement,74179
75107,Paris 7e Arrondissement,68577
75101,Paris 1er Arrondissement,64398
75102,Paris 2e Arrondissement,63748
92040,Issy-les-Moulineaux,62017
92044,Levallois-Perret,59438
93048,Montreuil,56583
94028,Créteil,56021
75105,Paris 5e Arrondissement,49377
95527,Roissy-en-France,48885
92051,Neuilly-sur-Seine,48270
78646,Versailles,44727
75106,Paris 6e Arrondissement,43778
92036,Gennevilliers,39821
92063,Rueil-Malmaison,38955
75104,Paris 4e Arrondissement,38651
91228,Évry-Courcouronnes,37305
78640,Vélizy-Villacoublay,36366
93070,Saint-Ouen-sur-Seine,35389
92024,Clichy,34651
93001,Aubervilliers,33876
78297,Guyancourt,33180
91377,Massy,32706
75103,Paris 3e Arrondissement,31655
94041,Ivry-sur-Seine,31537
92049,Montrouge,30901
94033,Fontenay-sous-Bois,30142
93055,Pantin,29937
95127,Cergy,29820
92025,Colombes,29729
93008,Bobigny,29106
95018,Argenteuil,28570
93051,Noisy-le-Grand,28041
94081,Vitry-sur-Seine,26945
93005,Aulnay-sous-Bois,26019
93073,Tremblay-en-France,25836
77288,Melun,24586
92073,Suresnes,24052
94065,Rungis,22902
94076,Villejuif,22596
92004,Asnières-sur-Seine,22058
78423,Montigny-le-Bretonneux,21422
92002,Antony,21411
77284,Meaux,21378
78498,Poissy,21373
94054,Orly,21261
91174,Corbeil-Essonnes,20481
94068,Saint-Maur-des-Fossés,19938
94017,Champigny-sur-Marne,18346
92048,Meudon,18066
78551,Saint-Germain-en-Laye,17738
92023,Clamart,17682
94080,Vincennes,17243
94046,Maisons-Alfort,17075
91477,Palaiseau,16723
95572,Saint-Ouen-l'Aumône,16520
94003,Arcueil,16175
92020,Châtillon,15694
93064,Rosny-sous-Bois,15511
77111,Chessy,15321
92064,Saint-Cloud,15051
92046,Malakoff,14845
92060,Le Plessis-Robinson,14681
95585,Sarcelles,14563
78621,Trappes,14378
91692,Les Ulis,14373
93078,Villepinte,14332
95277,Gonesse,14267
77108,Chelles,14019
93029,Drancy,13889
94018,Charenton-le-Pont,13449
94043,Le Kremlin-Bicêtre,13364
91103,Brétigny-sur-Orge,13201
93027,La Courneuve,12930
95500,Pontoise,12759
78361,Mantes-la-Jolie,12569
78490,Plaisir,12545
78208,Élancourt,12471
92009,Bois-Colombes,12366
95063,Bezons,12190
93006,Bagnolet,11975
93010,Bondy,11839
92007,Bagneux,11787
94002,Alfortville,11641
78440,Les Mureaux,11430
93007,Le Blanc-Mesnil,11392
78158,Le Chesnay-Rocquencourt,11284
78586,Sartrouville,11206
91272,Gif-sur-Yvette,11140
93053,Noisy-le-Sec,10923
77251,Lieusaint,10716
77083,Champs-sur-Marne,10605
77449,Serris,10594
94078,Villeneuve-Saint-Georges,10470
94073,Thiais,10351
94022,Choisy-le-Roi,10191
77296,Moissy-Cramayel,10140
91549,Sainte-Geneviève-des-Bois,10124
92035,La Garenne-Colombes,9749
91471,Orsay,9643
94011,Bonneuil-sur-Marne,9614
77373,Pontault-Combault,9581
93031,Épinay-sur-Seine,9561
91223,Étampes,9556
91027,Athis-Mons,9539
77186,Fontainebleau,9445
93050,Neuilly-sur-Marne,9405
77058,Bussy-Saint-Georges,9275
93072,Stains,9102
92078,Villeneuve-la-Garenne,8819
77294,Mitry-Mory,8787
78517,Rambouillet,8762
92072,Sèvres,8728
94037,Gentilly,8638
94067,Saint-Mandé,8618
93046,Livry-Gargan,8555
91161,Chilly-Mazarin,8548
91340,Lisses,8546
94052,Nogent-sur-Marne,8494
94021,Chevilly-Larue,8465
77053,Brie-Comte-Robert,8301
78172,Conflans-Sainte-Honorine,8256
93063,Romainville,8197
91687,Viry-Châtillon,8177
91689,Wissous,8160
93071,Sevran,8129
77390,Roissy-en-Brie,7946
77258,Lognes,7906
95306,Herblay-sur-Seine,7796
95268,Garges-lès-Gonesse,7772
94071,Sucy-en-Brie,7651
91086,Bondoufle,7637
91661,Villebon-sur-Yvette,7626
94034,Fresnes,7577
77131,Coulommiers,7569
77468,Torcy,7548
94015,Bry-sur-Marne,7531
92075,Vanves,7503
95203,Eaubonne,7480
95280,Goussainville,7457
91286,Grigny,7424
92019,Châtenay-Malabry,7412
95476,Osny,7291
94016,Cachan,7281
77305,Montereau-Fault-Yonne,7225
77243,Lagny-sur-Marne,7189
95607,Taverny,7157
77445,Savigny-le-Temple,7014
91345,Longjumeau,6973
91521,Ris-Orangis,6869
91201,Draveil,6836
92032,Fontenay-aux-Roses,6726
93013,Le Bourget,6705
95252,Franconville,6687
95219,Ermont,6536
78146,Chatou,6398
93047,Montfermeil,6365
77152,Dammarie-les-Lys,6358
94069,Saint-Maurice,6322
94044,Limeil-Brévannes,6313
77337,Noisiel,6249
78358,Maisons-Laffitte,6213
77379,Provins,6114
95218,Éragny,6106
91589,Savigny-sur-Orge,6075
91432,Morangis,5950
93049,Neuilly-Plaisance,5944
77487,Vaux-le-Pénil,5841
93032,Gagny,5763
94077,Villeneuve-le-Roi,5724
94019,Chennevières-sur-Marne,5714
77146,Croissy-Beaubourg,5707
93057,Les Pavillons-sous-Bois,5701
94058,Le Perreux-sur-Marne,5633
94079,Villiers-sur-Marne,5608
91235,Fleury-Mérogis,5593
93077,Villemomble,5561
93014,Clichy-sous-Bois,5528
91534,Saclay,5510
78311,Houilles,5459
77122,Combs-la-Ville,5424
92071,Sceaux,5411
93045,Les Lilas,5353
91421,Montgeron,5335
78383,Maurepas,5324
77118,Claye-Souilly,5315
95176,Cormeilles-en-Parisis,5300
77333,Nemours,5279
78117,Buc,5269
91021,Arpajon,5257
91114,Brunoy,5254
94042,Joinville-le-Pont,5181
77307,Montévrain,5081
78029,Aubergenville,5077
92014,Bourg-la-Reine,5052
92033,Garches,5009
94038,L'Haÿ-les-Roses,4986
77514,Villeparisis,4978
95680,Villiers-le-Bel,4913
95582,Sannois,4883
94004,Boissy-Saint-Léger,4812
95210,Enghien-les-Bains,4788
94074,Valenton,4767
91326,Juvisy-sur-Orge,4732
77350,Ozoir-la-Ferrière,4653
91570,Saint-Michel-sur-Orge,4619
91691,Yerres,4535
93062,Le Raincy,4491
78005,Achères,4481
91200,Dourdan,4462
95428,Montmorency,4460
91657,Vigneux-sur-Seine,4396
78123,Carrières-sous-Poissy,4233
78418,Montesson,4216
77169,Émerainville,4195
78335,Limay,4179
78073,Bois-d'Arcy,4162
78165,Les Clayes-sous-Bois,4096
77291,Le Mesnil-Amelot,4066
78168,Coignières,4038
78650,Le Vésinet,4029
91479,Paray-Vieille-Poste,4024
78362,Mantes-la-Ville,3997
78124,Carrières-sur-Seine,3945
77384,Réau,3944
93079,Villetaneuse,3906
78322,Jouy-en-Josas,3884
95598,Soisy-sous-Montmorency,3883
93061,Le Pré-Saint-Gervais,3868
95424,Montigny-lès-Cormeilles,3762
77438,Saint-Thibault-des-Vignes,3742
91386,Mennecy,3709
95199,Domont,3691
77014,Avon,3647
78688,Voisins-le-Bretonneux,3644
77121,Collégien,3638
91363,Marcoussis,3614
91425,Montlhéry,3588
78356,Magny-les-Hameaux,3582
78686,Viroflay,3545
78372,Marly-le-Roi,3544
92022,Chaville,3542
95313,L'Isle-Adam,3511
78126,La Celle-Saint-Cloud,3507
78133,Chambourcy,3474
95555,Saint-Gratien,3472
95197,Deuil-la-Barre,3459
78481,Le Pecq,3402
78190,Croissy-sur-Seine,3388
78545,Saint-Cyr-l'École,3316
91645,Verrières-le-Buisson,3266
77067,Cesson,3245
77316,Moret-Loing-et-Orvanne,3214
95051,Beauchamp,3159
77285,Le Mée-sur-Seine,3114
91458,Nozay,3110
95539,Saint-Brice-sous-Forêt,3106
77470,Tournan-en-Brie,3074
77495,Vert-Saint-Denis,3073
95563,Saint-Leu-la-Forêt,3047
77181,Ferrières-en-Brie,3035
91434,Morsang-sur-Orge,3025
93030,Dugny,2956
91573,Saint-Pierre-du-Perray,2921
95351,Louvres,2912
78118,Buchelay,2906
94059,Le Plessis-Trévise,2892
77018,Bailly-Romainvilliers,2889
95323,Jouy-le-Moutier,2887
95488,Pierrelaye,2845
77215,Gretz-Armainvilliers,2822
95487,Persan,2784
91659,Villabé,2765
78466,Orgeval,2701
77407,Saint-Fargeau-Ponthierry,2641
78642,Verneuil-sur-Seine,2610
91494,Le Plessis-Pâté,2593
78401,Meulan-en-Yvelines,2563
92076,Vaucresson,2561
78138,Chanteloup-les-Vignes,2561
77327,Nangis,2548
91115,Bruyères-le-Châtel,2530
94060,La Queue-en-Brie,2522
77132,Coupvray,2507
95052,Beaumont-sur-Oise,2476
91338,Limours,2454
77183,La Ferté-sous-Jouarre,2452
77237,Jossigny,2398
95019,Arnouville,2373
78575,Saint-Rémy-lès-Chevreuse,2338
77479,Vaires-sur-Marne,2326
78238,Flins-sur-Seine,2307
91330,Lardy,2275
78644,La Verrière,2268
91514,Quincy-sous-Sénart,2247
94055,Ormesson-sur-Marne,2225
77450,Servon,2197
78217,Épône,2190
91191,Crosne,2186
78350,Louveciennes,2176
91064,Bièvres,2156
77153,Dammartin-en-Goële,2116
77192,Fontenay-Trésigny,2098
91179,Le Coudray-Montceaux,2081
95427,Montmagny,1999
91405,Milly-la-Forêt,1982
95394,Méry-sur-Oise,1978
91552,Saint-Germain-lès-Arpajon,1974
77276,Mareuil-lès-Meaux,1970
91312,Igny,1949
91617,Tigery,1941
93074,Vaujours,1928
77268,Magny-le-Hongre,1922
95637,Vauréal,1905
78015,Andrésy,1886
94075,Villecresnes,1883
78242,Fontenay-le-Fleury,1858
91216,Épinay-sur-Orge,1854
78486,Le Perray-en-Yvelines,1844
93039,L'Île-Saint-Denis,1828
91665,La Ville-du-Bois,1817
95371,Marly-la-Ville,1806
77085,Chanteloup-en-Brie,1789
95211,Ennery,1782
78206,Ecquevilly,1750
91044,Ballainvilliers,1744
92077,Ville-d'Avray,1738
91666,Villejust,1709
91587,Saulx-les-Chartreux,1698
78624,Triel-sur-Seine,1677
77431,Saint-Pierre-lès-Nemours,1663
78643,Vernouillet,1659
91347,Longpont-sur-Orge,1621
77464,Thorigny-sur-Marne,1618
91461,Ollainville,1604
78267,Gargenville,1604
95612,Le Thillay,1596
78354,Magnanville,1595
78160,Chevreuse,1583
95288,Groslay,1581
91136,Champlan,1574
91339,Linas,1562
91122,Bures-sur-Yvette,1557
77317,Mormant,1550
77394,Rubelles,1547
78674,Villepreux,1539
77330,Nanteuil-lès-Meaux,1527
78502,Le Port-Marly,1514
91215,Épinay-sous-Sénart,1500
77182,La Ferté-Gaucher,1471
95205,Écouen,1469
95355,Magny-en-Vexin,1444
78380,Maule,1443
78683,Villiers-Saint-Frédéric,1433
91226,Étréchy,1428
91600,Soisy-sur-Seine,1424
78455,Noisy-le-Roi,1422
77037,Bois-le-Roi,1411
95250,Fosses,1408
94070,Santeny,1391
77482,Varennes-sur-Seine,1389
95229,Ézanville,1389
91105,Breuillet,1376
77322,Moussy-le-Neuf,1368
95450,Neuville-sur-Oise,1362
77306,Montereau-sur-le-Jard,1335
78092,Bougival,1333
94047,Mandres-les-Roses,1330
95491,Le Plessis-Bouchard,1327
77123,Compans,1325
93033,Gournay-sur-Marne,1311
77100,Le Châtelet-en-Brie,1287
91207,Égly,1285
95088,Bonneuil-en-France,1278
91376,Marolles-en-Hurepoix,1271
77142,Crécy-la-Chapelle,1262
91045,Ballancourt-sur-Essonne,1240
91553,Saint-Germain-lès-Corbeil,1236
78220,Les Essarts-le-Roi,1234
77382,Quincy-Voisins,1228
77437,Saint-Soupplets,1224
91097,Boussy-Saint-Antoine,1209
78531,Rosny-sur-Seine,1193
78397,Le Mesnil-Saint-Denis,1191
78321,Jouars-Pontchartrain,1171
91648,Vert-le-Grand,1166
91111,Briis-sous-Forges,1166
91135,Champcueil,1160
77127,Coubert,1159
77104,Châtres,1153
94048,Marolles-en-Brie,1149
78396,Le Mesnil-le-Roi,1144
78062,Beynes,1111
78043,Bailly,1109
78672,Villennes-sur-Seine,1101
91315,Itteville,1092
78310,Houdan,1081
77249,Lésigny,1079
95370,Marines,1069
95091,Bouffémont,1067
77389,La Rochette,1040
77139,Courtry,1039
95580,Saint-Witz,1036
77171,Esbly,1032
78089,Bonnières-sur-Seine,1024
77079,Champagne-sur-Seine,1018
95014,Andilly,1008
77059,Bussy-Saint-Martin,1005
95604,Survilliers,1005
95430,Montsoult,996
95574,Saint-Prix,995
77513,Villenoy,994
78420,Montfort-l'Amaury,988
95060,Bessancourt,984
77335,Chauconin-Neufmontiers,983
78537,Saint-Arnoult-en-Yvelines,973
78571,Saint-Nom-la-Bretèche,962
78501,Porcheville,948
77420,Saint-Mard,937
77393,Rozay-en-Brie,935
77114,Chevry-Cossigny,931
77180,Férolles-Attilly,930
77051,Bray-sur-Seine,926
78513,La Queue-les-Yvelines,921
91538,Saint-Aubin,920
95409,Moisselles,890
95388,Menucourt,887
91667,Villemoisson-sur-Orge,887
77257,Lizy-sur-Ourcq,877
95256,Frépillon,868
91631,Varennes-Jarcy,854
92047,Marnes-la-Coquette,849
91685,Villiers-sur-Orge,847
77475,Trilport,847
77055,Brou-sur-Chantereine,847
91457,La Norville,836
78615,Thiverval-Grignon,829
77320,Mouroux,827
77040,Boissise-le-Roi,826
93015,Coubron,825
91041,Avrainville,823
78389,Méré,815
77061,Cannes-Écluse,814
95078,Boissy-l'Aillerie,812
95652,Viarmes,811
95510,Puiseux-Pontoise,810
91433,Morigny-Champigny,810
91540,Saint-Chéron,810
95369,Margency,810
77518,Villiers-en-Bière,808
91649,Vert-le-Petit,802
77493,Verneuil-l'Étang,783
95039,Auvers-sur-Oise,782
77458,Souppes-sur-Loing,781
91129,Cerny,772
77369,Poincy,761
77517,Villevaudé,761
77238,Jouarre,752
78143,Châteaufort,749
95183,Courdimanche,747
77222,Guignes,745
95352,Luzarches,740
77533,Vulaines-sur-Seine,735
91232,La Ferté-Alais,725
77385,Rebais,721
77442,Samoreau,721
78255,Freneuse,719
91109,Brières-les-Scellés,709
91016,Angerville,709
78291,Guerville,706
77349,Othis,703
95480,Parmain,695
95641,Vémars,693
78233,Feucherolles,682
91390,Le Mérévillois,682
78367,Mareil-Marly,667
91468,Ormoy,665
94053,Noiseau,664
95392,Mériel,663
77378,Pringy,658
78343,Les Loges-en-Josas,657
78003,Ablis,644
78299,Hardricourt,639
95116,Bruyères-sur-Oise,634
95426,Montlignon,627
77005,Annet-sur-Marne,627
91085,Boissy-sous-Saint-Yon,617
91577,Saintry-sur-Seine,615
77128,Couilly-Pont-aux-Dames,613
77211,Grandpuits-Bailly-Carrois,607
77279,Marolles-sur-Seine,607
78638,Vaux-sur-Seine,606
95134,Champagne-sur-Oise,598
77143,Crégy-lès-Meaux,591
77099,Château-Landon,587
78382,Maurecourt,586
77107,Chaumes-en-Brie,581
91225,Étiolles,578
78224,L'Étang-la-Ville,576
77088,La Chapelle-la-Reine,573
77048,Bourron-Marlotte,573
78431,Morainvilliers,571
77176,Faremoutiers,565
77096,Chartrettes,562
77315,Montry,560
77413,Saint-Germain-sur-Morin,558
77312,Montigny-sur-Loing,555
78402,Mézières-sur-Seine,552
77159,Donnemarie-Dontilly,551
77463,Thomery,549
94001,Ablon-sur-Seine,545
91275,Gometz-le-Châtel,544
77326,Nandy,536
77229,La Houssaye-en-Brie,529
77069,Chailly-en-Bière,528
95658,Vigny,527
91243,Fontenay-lès-Briis,521
77377,Presles-en-Brie,520
78442,Neauphle-le-Château,518
91292,Guibeville,516
77455,Soignolles-en-Brie,515
95257,La Frette-sur-Seine,512
95058,Bernes-sur-Oise,511
78269,Gazeran,509
78090,Bouafle,507
91359,Maisse,507
77252,Limoges-Fourches,497
95504,Presles,494
78465,Orgerus,494
77336,Neufmoutiers-en-Brie,488
77016,Bagneaux-sur-Loing,487
77441,Samois-sur-Seine,485
78591,Septeuil,479
77494,Vernou-la-Celle-sur-Seine,478
77217,Grisy-Suisnes,472
91249,Forges-les-Bains,463
78120,Bullion,461
91333,Leuville-sur-Orge,460
78164,Clairefontaine-en-Yvelines,460
78620,Toussus-le-Noble,448
78152,Chavenay,444
77372,Pomponne,437
95509,Puiseux-en-France,436
77175,Évry-Grégy-sur-Yerre,434
78048,Bazainville,427
91159,Chevannes,426
95042,Baillet-en-France,425
78616,Thoiry,425
77430,Saint-Pathus,424
91156,Cheptainville,417
77419,Saint-Mammès,413
77210,La Grande-Paroisse,408
94056,Périgny,406
77323,Moussy-le-Vieux,405
77374,Pontcarré,396
78087,Bonnelles,393
77359,Perthes,388
77095,Charny,382
78314,Issou,381
78327,Juziers,379
78010,Les Alluets-le-Roi,377
77042,Boissy-le-Châtel,375
95675,Villeron,374
77368,Poigny,373
77508,Villeneuve-le-Comte,371
77363,Le Pin,370
78030,Auffargis,364
91095,Bouray-sur-Juine,363
77226,Héricy,361
95026,Asnières-sur-Oise,359
78263,Gambais,357
77022,Barbizon,355
77329,Nanteau-sur-Lunain,354
77511,Villeneuve-sous-Dammartin,352
77459,Sourdun,351
77280,Mary-sur-Marne,348
77448,Sept-Sorts,348
78403,Mézy-sur-Seine,347
91579,Saint-Vrain,347
95149,Chaumontel,346
78189,Crespières,345
91411,Les Molières,343
77477,Ury,339
77224,Hautefeuille,330
77371,Pommeuse,329
77168,Égreville,327
77259,Longperrier,324
91533,Saclas,324
77447,Seine-Port,322
91099,Boutigny-sur-Essonne,322
91511,Pussay,320
77309,Monthyon,319
95566,Saint-Martin-du-Tertre,318
91274,Gometz-la-Ville,317
78107,Bréval,317
95056,Belloy-en-France,314
77156,Darvault,306
95241,Fontenay-en-Parisis,301
95446,Nesles-la-Vallée,300
77126,Congis-sur-Thérouanne,299
78601,Sonchamp,293
78550,Saint-Germain-de-la-Grange,292
78265,Garancières,292
77344,Oissery,291
77534,Yèbles,290
77219,Guérard,290
77155,Dampmart,290
77070,Chailly-en-Brie,284
91204,Écharcon,283
77277,Marles-en-Brie,281
77109,Chenoise-Cucharmoy,280
77261,Lorrez-le-Bocage-Préaux,279
91318,Janville-sur-Juine,279
77241,Juilly,273
77260,Longueville,273
77528,Voisenon,272
95008,Aincourt,271
91038,Auvers-Saint-Georges,270
77409,Saint-Germain-Laval,270
78368,Mareil-sur-Mauldre,268
77116,Choisy-en-Brie,267
78227,Évecquemont,265
78520,Richebourg,264
78381,Maulette,262
91080,Boissy-le-Cutté,260
77002,Amillis,260
91679,Villiers-le-Bâcle,257
78398,Les Mesnuls,257
77510,Villeneuve-Saint-Denis,256
77269,Maincy,255
77124,Conches-sur-Gondoire,254
77453,Sivry-Courtry,252
77339,Noisy-sur-École,251
95459,Nucourt,250
78077,La Boissière-École,246
91599,Soisy-sur-École,244
95142,Chars,243
77531,Voulx,243
77039,Boissise-la-Bertrand,240
95489,Piscop,239
77065,Cély,239
95177,Cormeilles-en-Vexin,238
77282,Mauregard,237
77352,Ozouer-le-Voulgis,235
78140,Chapet,235
77216,Grez-sur-Loing,234
95523,La Roche-Guyon,234
77318,Mortcerf,231
77483,Varreddes,230
78576,Saint-Rémy-l'Honoré,230
77006,Arbonne-la-Forêt,228
77354,Pamfou,228
78623,Le Tremblay-sur-Mauldre,227
95271,Génicourt,227
91244,Fontenay-le-Vicomte,226
77440,Sammeron,222
78262,Galluis,221
78562,Saint-Léger-en-Yvelines,221
77397,Saâcy-sur-Marne,220
78128,Cernay-la-Ville,219
77462,Thieux,218
77404,Sainte-Colombe,214
91525,Roinville,214
77255,Livry-sur-Seine,213
91132,Chamarande,211
95120,Butry-sur-Oise,211
77239,Jouy-le-Châtel,209
91017,Angervilliers,209
91593,Sermaise,208
77512,Villeneuve-sur-Bellot,208
77400,Saint-Augustin,206
77264,Lumigny-Nesles-Ormeaux,206
91635,Vauhallan,204
77148,Crouy-sur-Ourcq,201
77270,Maisoncelles-en-Brie,201
77405,Saint-Cyr-sur-Morin,197
77240,Jouy-sur-Morin,197
91378,Mauchamps,196
78384,Médan,196
77001,Achères-la-Forêt,195
77433,Beautheil-Saints,192
77081,Champdeuil,192
77254,Liverdy-en-Brie,188
91568,Saint-Maurice-Montcouronne,187
91175,Corbreuse,186
95353,Maffliers,185
77244,Larchant,184
77208,Gouaix,182
77032,Beton-Bazoches,179
77232,Isles-lès-Villenoy,178
77348,Ormesson,177
77141,Coutevroult,177
77492,Verdelot,176
77519,Villiers-Saint-Georges,176
78522,Rochefort-en-Yvelines,174
77415,Saint-Jean-les-Deux-Jumeaux,173
95592,Seraincourt,170
77432,Saint-Rémy-de-la-Vanne,170
77506,Villemer,169
78281,Goussonville,169
78296,Guitrancourt,167
95625,Us,167
77347,Les Ormes-sur-Voulzie,166
77201,Gastins,165
95028,Attainville,165
77478,Ussy-sur-Marne,164
91047,Baulne,164
78239,Follainville-Dennemont,164
95436,Mours,163
95074,Boisemont,162
91463,Oncy-sur-École,162
77357,Pécy,162
78334,Lévis-Saint-Nom,161
77427,Saint-Mesmes,160
78007,Aigremont,159
77403,Saint-Brice,159
78020,Arnouville-lès-Mantes,158
78346,Longnes,157
95628,Valmondois,157
77343,Ocquerre,156
77034,Blandy,155
77223,Gurcy-le-Châtel,154
77520,Villiers-sous-Grez,153
77410,Saint-Germain-Laxis,153
77078,Chamigny,153
77515,Villeroy,152
77077,Chambry,151
91634,Vaugrigneuse,151
95535,Sagy,150
77154,Dammartin-sur-Tigeaux,150
91630,Le Val-Saint-Germain,149
78125,La Celle-les-Bordes,147
78049,Bazemont,146
77082,Champeaux,146
77529,Voulangis,146
77086,La Chapelle-Gauthier,144
77457,Solers,143
78569,Sainte-Mesme,143
91408,Moigny-sur-École,142
78033,Aulnay-sur-Mauldre,142
77302,Moncourt-Fromonville,141
77265,Luzancy,141
95395,Le Mesnil-Aubry,140
77075,Chalifert,138
91069,Boigneville,138
77027,Beaumont-du-Gâtinais,137
91293,Guigneville-sur-Essonne,136
77295,Moisenay,135
78317,Jambville,134
91546,Saint-Cyr-sous-Dourdan,134
77049,Boutigny,134
91198,D'Huison-Longueville,134
91294,Guillerval,133
78451,Nézel,133
78443,Neauphle-le-Vieux,130
77521,Villiers-sur-Morin,129
78050,Bazoches-sur-Guyonne,129
77030,Bellot,129
78193,Dampierre-en-Yvelines,129
78647,Vert,128
77311,Montigny-Lencoup,128
91639,Vayres-sur-Essonne,128
78561,Saint-Lambert,128
78499,Ponthévrard,128
77010,Aubepierre-Ozouer-le-Repos,127
77135,Courpalay,126
77161,Dormelles,126
78104,Breuil-Bois-Robert,124
95150,Chaussy,123
78108,Les Bréviaires,122
77177,Favières,122
77292,Messy,122
77436,Saint-Siméon,121
77113,Chevru,120
78609,Tessancourt-sur-Aubette,119
77480,Valence-en-Brie,119
91662,Villeconin,119
78460,Oinville-sur-Montcient,118
78597,Soindres,118
78516,Raizeux,118
78567,Saint-Martin-la-Garenne,118
91130,Chalo-Saint-Mars,117
77248,Lesches,117
77196,Fresnes-sur-Marne,116
77076,Chalmaison,115
78289,Grosrouvre,115
77188,Fontaine-le-Port,115
77516,Ville-Saint-Jacques,115
77125,Condé-Sainte-Libiaire,115
77199,Fublaines,115
95101,Bray-et-Lû,115
78681,Villiers-le-Mahieu,115
77013,Aulnoy,114
77209,Gouvernes,113
78349,Longvilliers,113
91319,Janvry,113
78246,Fontenay-Saint-Père,113
77185,Fleury-en-Bière,112
77227,Hermé,112
77439,Salins,112
95678,Villiers-Adam,111
77278,Marolles-en-Brie,111
95651,Vétheuil,110
91332,Leudeville,110
77358,Penchard,110
77084,Changis-sur-Marne,110
77504,Villemaréchal,109
77221,Guermantes,109
95445,Nerville-la-Forêt,108
77138,Courtomer,108
77406,Saint-Denis-lès-Rebais,108
77060,Buthiers,107
91482,Pecqueuse,107
77020,Bannost-Villegagnon,105
78192,Dammartin-en-Serve,104
91469,Ormoy-la-Rivière,104
77485,Le Vaudoué,104
77202,La Genevraye,104
77231,Isles-les-Meldeuses,103
77486,Vaudoy-en-Brie,103
77072,Chalautre-la-Grande,103
77044,Bombon,102
77272,Maison-Rouge,102
77025,Bazoches-lès-Bray,101
77434,Saint-Sauveur-lès-Bray,100
91581,Saint-Yon,100
95660,Villaines-sous-Bois,100
78655,Vieille-Église-en-Yvelines,100
78337,Limetz-Villez,100
77047,Bouleurs,100
77101,Châtenay-sur-Seine,99
77293,Misy-sur-Yonne,99
78470,Orphin,99
77091,Les Chapelles-Bourbon,98
77191,Fontenailles,98
77474,Trilbardou,98
78034,Auteuil,98
95633,Vaudherland,98
77194,Forges,98
78415,Montainville,96
78557,Saint-Hilarion,96
78536,Sailly,95
77370,Poligny,95
77147,La Croix-en-Brie,94
78320,Notre-Dame-de-la-Mer,93
95094,Bouqueval,93
78261,Gaillon-sur-Montcient,93
91602,Souzy-la-Briche,93
78057,Bennecourt,93
77063,La Celle-sur-Morin,92
78506,Prunay-en-Yvelines,92
78605,Tacoignières,92
77435,Saint-Sauveur-sur-École,91
78590,Senlisse,91
77187,Fontaine-Fourches,91
77398,Sablonnières,91
77290,Méry-sur-Marne,90
77469,Touquin,90
91106,Breux-Jouy,90
77071,Chaintreaux,90
78162,Choisel,89
78307,Hermeray,89
77383,Rampillon,88
91654,Videlles,88
91284,Les Granges-le-Roi,88
77214,Gressy,88
95040,Avernes,87
95055,Bellefontaine,86
78406,Milon-la-Chapelle,86
91093,Boullay-les-Troux,86
78474,Orvilliers,85
78528,Rolleboise,85
91671,Villeneuve-sur-Auvers,85
78071,Boinville-le-Gaillard,85
77172,Esmans,84
78410,Moisson,83
78497,Poigny-la-Forêt,83
91180,Courances,82
91100,Bouville,82
77401,Sainte-Aulde,82
77321,Mousseaux-lès-Bray,82
91186,Courson-Monteloup,81
95610,Théméricourt,81
91507,Prunay-sur-Essonne,81
77418,Saint-Loup-de-Naud,81
77451,Signy-Signets,80
78096,Bourdonné,80
95169,Commeny,79
78068,Blaru,79
78202,Drocourt,79
95541,Saint-Clair-sur-Epte,78
77388,Reuil-en-Brie,78
91412,Mondeville,78
95287,Grisy-les-Plâtres,77
91195,Dannemois,77
77120,Cocherel,77
91441,Nainville-les-Roches,77
78588,Saulx-Marchais,76
78364,Marcq,76
77361,Pierre-Levée,76
77444,Sancy-lès-Provins,76
95270,Genainville,76
78209,Émancé,76
91435,Morsang-sur-Seine,75
91544,Saint-Cyr-la-Rivière,74
95676,Villers-en-Arthies,74
78230,La Falaise,73
78285,Gressey,73
77162,Doue,73
77117,Citry,72
77425,Saint-Martin-en-Bière,72
77426,Saint-Méry,71
91079,Boissy-la-Rivière,71
77038,Boissettes,71
77507,Villenauxe-la-Petite,71
78677,Villette,71
77150,Cuisy,71
78653,Vicq,71
91273,Gironville-sur-Essonne,71
95154,Chennevières-lès-Louvres,70
95594,Seugy,70
78113,Brueil-en-Vexin,70
77527,Voinsles,69
78171,Condé-sur-Vesgre,68
95529,Ronquerolles,68
95627,Vallangoujard,68
78084,Boissy-sans-Avoir,67
77353,Paley,67
77234,Jablines,67
77411,Saint-Germain-sous-Doue,67
77466,Tigeaux,66
95002,Ableiges,66
78278,Goupillières,66
77145,Crisenoy,66
78464,Orcemont,66
95584,Santeuil,65
95023,Arronville,65
77094,Charmentray,65
77165,Les Écrennes,65
77178,Faÿ-lès-Nemours,64
77225,La Haute-Maison,64
78300,Hargeville,64
95429,Montreuil-sur-Epte,64
77195,Fouju,64
77414,Saint-Hilliers,64
77054,La Brosse-Montceaux,64
91247,La Forêt-le-Roi,63
77471,Tousson,63
78163,Civry-la-Forêt,63
77273,Marchémoret,63
77345,Orly-sur-Morin,63
95253,Frémainville,63
78325,Jumeauville,62
77151,Dagny,62
77386,Recloses,61
95308,Hérouville-en-Vexin,61
77387,Remauville,61
77423,Saint-Martin-des-Champs,61
77179,Féricy,61
77300,Montceaux-lès-Meaux,60
95166,Cléry-en-Vexin,60
77509,Villeneuve-les-Bordes,60
95365,Mareil-en-France,60
77376,Précy-sur-Marne,59
77031,Bernay-Vilbert,59
77089,La Chapelle-Rablais,59
78237,Flins-Neuve-Église,59
78196,Davron,58
95213,Épiais-Rhus,58
95456,Noisy-sur-Oise,58
77456,Soisy-Bouy,57
77501,Villecerf,57
91001,Abbéville-la-Rivière,57
77050,Bransles,57
91578,Saint-Sulpice-de-Favières,56
78437,Mousseaux-sur-Seine,56
77011,Aufferville,56
77340,Nonville,56
95554,Saint-Gervais,55
77325,Mouy-sur-Seine,55
77392,Rouvres,55
77052,Bréau,55
77283,May-en-Multien,55
78558,Saint-Illiers-la-Ville,54
77130,Coulommes,54
77498,Vignely,54
77173,Étrépilly,54
78505,Prunay-le-Temple,54
77203,Germigny-l'Évêque,54
77298,Mons-en-Montois,54
78070,Boinville-en-Mantois,53
77026,Beauchery-Saint-Martin,53
77184,Flagy,53
77035,Blennes,53
78036,Autouillet,53
95061,Béthemont-la-Forêt,53
77110,Chenou,53
78407,Mittainville,53
77421,Saint-Mars-Vieux-Maisons,52
77247,Lescherolles,52
78564,Saint-Martin-de-Bréthencourt,52
78329,Lainville-en-Vexin,52
77524,Vimpelles,51
77246,Léchelle,51
91121,Buno-Bonnevaux,51
77080,Champcenest,51
77266,Machault,51
77381,Quiers,50
78236,Flexanville,50
95011,Ambleville,50
91075,Bois-Herpin,50
77365,Le Plessis-Feu-Aussoux,50
77465,Thoury-Férottes,50
91393,Mérobert,50
78366,Mareil-le-Guyon,50
77045,Bougligny,50
77281,Mauperthuis,49
95170,Condécourt,49
77341,Noyen-sur-Seine,49
77073,Chalautre-la-Petite,49
95328,Labbeville,49
91098,Boutervilliers,48
77473,Treuzy-Levelay,48
78013,Andelu,47
95024,Arthies,47
77106,Chauffry,47
95212,Épiais-lès-Louvres,46
77066,Cerneux,46
77446,Savins,46
77004,Andrezel,46
91560,Saint-Jean-de-Beauregard,46
91508,Puiselet-le-Marais,46
91414,Monnerville,46
95422,Montgeroult,46
95483,Le Perchay,46
77190,Fontains,46
77489,Vaux-sur-Lunain,46
77454,Sognolles-en-Montois,46
91081,Boissy-le-Sec,45
77297,Mondreville,45
77428,Saint-Ouen-en-Brie,45
77129,Coulombs-en-Valois,45
77287,Meilleray,45
77164,Échouboulains,45
77338,Noisy-Rudignon,44
78444,Neauphlette,44
77003,Amponville,43
95309,Hodent,43
91547,Saint-Escobille,43
91519,Richarville,43
78472,Orsonville,43
78668,La Villeneuve-en-Chevrie,43
91112,Brouy,43
91556,Saint-Hilaire,43
78518,Rennemoulin,43
91035,Authon-la-Plaine,42
77308,Montgé-en-Goële,42
77012,Augers-en-Brie,42
78147,Chaufour-lès-Bonnières,42
95348,Longuesse,41
77525,Vinantes,41
78276,Gommecourt,41
77500,Villebéon,41
77253,Lissy,40
77008,Armentières-en-Brie,40
77233,Iverny,40
78009,Allainville,40
95341,Livilliers,40
77112,Chevrainvilliers,40
77033,Bezalles,40
78344,Lommoye,40
77218,Grisy-sur-Seine,39
77412,Saint-Germain-sur-École,39
77242,Jutigny,39
77062,Carnetin,39
78006,Adainville,39
77163,Douy-la-Ramée,39
95110,Brignancourt,38
78185,Courgent,38
77133,Courcelles-en-Bassée,38
78290,Guernes,38
95012,Amenucourt,38
78053,Béhoust,37
77041,Boissy-aux-Cailles,37
95462,Omerville,37
77228,Hondevilliers,37
77496,Vieux-Champagne,36
77024,Bassevelle,36
91037,Auvernaux,36
77360,Pézarches,35
91495,Plessis-Saint-Benoist,35
95656,Vienne-en-Arthies,35
77402,Saint-Barthélemy,34
77144,Crèvecœur-en-Brie,34
91240,Fontaine-la-Rivière,34
77206,Giremoutiers,34
77057,Bussières,34
78188,Cravent,34
77460,Tancrou,34
91248,La Forêt-Sainte-Croix,33
77245,Laval-en-Brie,33
77204,Germigny-sous-Coulombs,33
77526,Vincy-Manœuvre,33
91629,Valpuiseaux,33
77115,Chevry-en-Sereine,32
91613,Congerville-Thionville,32
78031,Auffreville-Brasseuil,32
77157,Dhuisy,32
77256,Lizines,32
78391,Méricourt,32
77056,Burcy,32
77167,Égligny,31
78475,Osmoy,31
95690,Wy-dit-Joli-Village,31
77481,Vanvillé,31
77093,La Chapelle-Moutils,31
77137,Courtacon,31
78416,Montalet-le-Bois,30
77198,Fromont,30
78417,Montchauvet,30
95543,Saint-Cyr-en-Arthies,30
77262,Louan-Villegruis-Fontaine,29
95258,Frouville,29
77303,Montdauphin,29
95493,Le Plessis-Luzarches,29
77416,Saint-Just-en-Brie,29
77119,Clos-Fontaine,28
77380,Puisieux,28
77235,Jaignes,27
95452,Nointel,27
77523,Villuis,26
77328,Nanteau-sur-Essonne,26
78072,Boinvilliers,26
77301,Montceaux-lès-Provins,26
77417,Saint-Léger,26
77472,La Trétoire,26
95151,Chauvry,26
95492,Le Plessis-Gassot,25
77197,Frétoy,25
77207,Gironville,25
78618,Tilly,25
78565,Saint-Martin-des-Champs,25
78305,Herbeville,25
77019,Balloy,25
77367,Le Plessis-Placy,25
77505,Villemareuil,25
95254,Frémécourt,25
77522,Villiers-sur-Seine,25
95298,Haravilliers,25
77220,Guercheville,24
77530,Voulton,24
77043,Boitron,24
78559,Saint-Illiers-le-Bois,24
95303,Le Heaulme,24
95682,Villiers-le-Sec,24
78548,Saint-Forget,24
78082,Boissy-Mauvoisin,23
95059,Berville,23
91619,Torfou,23
77443,Sancy,23
77023,Barcy,23
95214,Épinay-Champlâtreux,22
77068,Cessoy-en-Montois,22
77174,Everly,22
77391,Rouilly,22
77274,Marcilly,22
95139,La Chapelle-en-Vexin,22
77250,Leudon-en-Brie,21
78478,Paray-Douaville,21
77263,Luisetaines,21
78324,Jouy-Mauvoisin,21
78530,Rosay,21
77424,Saint-Martin-du-Boschet,21
77332,Nantouillet,21
78076,Boissets,20
77484,Vaucourtois,20
91399,Mespuits,20
91148,Chauffour-lès-Étréchy,20
91184,Courdimanche-sur-Essonne,20
77461,Thénisy,20
78439,Mulcent,20
77103,Châtillon-la-Borde,20
77009,Arville,20
78234,Flacourt,20
91145,Chatignonville,20
77046,Boulancourt,19
91374,Marolles-en-Beauce,19
77200,Garentreville,19
91137,Champmotteux,19
95295,Guiry-en-Vexin,19
77355,Paroy,19
77193,Forfry,19
77036,Boisdon,19
95304,Hédouville,19
78385,Ménerville,18
77205,Gesvres-le-Chapitre,18
77532,Vulaines-lès-Provins,17
91131,Chalou-Moulineux,17
78231,Favrieux,17
95447,Neuilly-en-Vexin,16
77289,Melz-sur-Seine,16
78484,Perdreauville,16
77467,La Tombe,16
78245,Fontenay-Mauvoisin,16
77271,Maisoncelles-en-Gâtinais,15
77429,Saint-Ouen-sur-Morin,15
77314,Montolivet,15
77275,Les Marêts,15
78302,La Hauteville,15
77236,Jaulnes,15
77097,Chartronges,15
91526,Roinvilliers,14
77140,Coutençon,14
78413,Mondreville,14
95301,Haute-Isle,14
77102,Châtenoy,14
77476,Trocy-en-Multien,14
95438,Moussy,14
77007,Argentières,14
77490,Vendrest,14
77408,Saint-Fiacre,14
95119,Buhy,14
95157,Chérence,14
95144,Châtenay-en-France,11
77304,Montenils,11
78404,Millemont,11
95316,Jagny-sous-Bois,11
95046,Banthelu,11
91067,Blandy,11
78283,Grandchamp,11
77098,Châteaubleau,11
77134,Courchamp,10
77029,Beauvoir,10
95141,Charmont,10
77395,Rumont,10
95181,Courcelles-sur-Viosne,10
95102,Bréançon,10
77267,La Madeleine-sur-Loing,10
77310,Montigny-le-Guesdier,10
77331,Nanteuil-sur-Marne,10
95379,Maudétour-en-Vexin,10
77087,La Chapelle-Iger,10
77090,La Chapelle-Saint-Sulpice,10
77342,Obsonville,9
95611,Theuville,9
78608,Le Tertre-Saint-Denis,8
91022,Arrancourt,8
77364,Le Plessis-aux-Bois,8
78606,Le Tartre-Gaudran,8
78264,Gambaiseuil,6
77212,Gravon,6
95331,Lassy,6
77313,Montmachoux,5
78194,Dannemarie,5
77396,Rupéreux,5
77015,Baby,5
77158,Diant,5
77230,Ichy,5
95054,Le Bellay-en-Vexin,5
77136,Courquetaine,5
77319,Mortery,5
77021,Barbey,5
77356,Passy-sur-Seine,4
77286,Meigneux,3
