code_commune,nom_commune,sortants,entrants,solde
92004,Asnières-sur-Seine,38783.4426337169,14892.388223701473,-23891.054410015426
75118,Paris 18e Arrondissement,65610.03148746313,47315.84440169171,-18294.187085771417
75120,Paris 20e Arrondissement,61129.91412720061,43983.06742920785,-17146.84669799276
95018,Argenteuil,33528.24904721043,18211.77642324763,-15316.472623962803
94068,Saint-Maur-des-Fossés,27122.797227841478,12022.294258385271,-15100.502969456207
94017,Champigny-sur-Marne,25032.406068082593,10391.014272499058,-14641.391795583535
93029,Drancy,21565.01115259299,7722.488749481345,-13842.522403111645
94081,Vitry-sur-Seine,30128.042377729707,17697.660875164394,-12430.381502565313
78586,Sartrouville,19188.567427634327,6881.716539680854,-12306.850887953473
94046,Maisons-Alfort,23160.889284950936,11227.585279685432,-11933.304005265503
93032,Gagny,14814.57096928864,3058.978146842157,-11755.592822446482
92025,Colombes,31879.722434210227,20448.778937230625,-11430.943496979602
93031,Épinay-sur-Seine,16901.668772568348,5565.04967245752,-11336.619100110827
93007,Le Blanc-Mesnil,17809.04019811196,6528.412833437389,-11280.627364674572
78311,Houilles,14229.13553843999,2979.0067180203023,-11250.128820419688
94058,Le Perreux-sur-Marne,14268.310357620043,3047.720372062274,-11220.58998555777
91589,Savigny-sur-Orge,14584.972523309798,3554.9514808942627,-11030.021042415536
93071,Sevran,15714.824723444397,4756.034681640947,-10958.79004180345
93046,Livry-Gargan,16068.508728056991,5245.6644876393575,-10822.844240417635
95252,Franconville,14420.27437507566,3974.7349452359617,-10445.539429839699
94022,Choisy-le-Roi,16593.142305943522,6523.5283975858065,-10069.613908357715
77108,Chelles,18872.1151127711,9031.005387397234,-9841.109725373864
92019,Châtenay-Malabry,13727.308272726743,4125.922029901148,-9601.386242825596
92023,Clamart,21101.830082202203,11796.0311823984,-9305.798899803804
94079,Villiers-sur-Marne,12670.310164101822,3446.8158069432684,-9223.494357158554
94002,Alfortville,16433.866564079843,7528.796382026246,-8905.070182053598
91657,Vigneux-sur-Seine,11097.472626136418,2212.7532800840504,-8884.719346052367
92002,Antony,24084.808721039433,15631.201108354198,-8453.607612685235
94080,Vincennes,21664.75436352997,13219.533411198201,-8445.220952331769
93077,Villemomble,11614.138855063942,3376.5300390519583,-8237.608816011983
93053,Noisy-le-Sec,15120.77102691241,6952.121098515914,-8168.649928396497
77373,Pontault-Combault,13854.584712356054,5796.655136374211,-8057.929575981843
78172,Conflans-Sainte-Honorine,13023.0161713096,5032.597970229715,-7990.418201079885
91691,Yerres,10475.022099714855,2541.4387753652522,-7933.583324349604
94038,L'Haÿ-les-Roses,10879.356571440847,3000.4665480327976,-7878.890023408049
78146,Chatou,11941.183543626612,4103.900216542729,-7837.283327083883
93063,Romainville,13061.337057115088,5548.4002813529805,-7512.936775762108
94052,Nogent-sur-Marne,13346.1822257889,5933.588149001311,-7412.594076787589
93050,Neuilly-sur-Marne,13479.705996482848,6077.372954249536,-7402.333042233312
93010,Bondy,15433.98837831287,8094.604004514271,-7339.384373798599
95268,Garges-lès-Gonesse,11697.610931582329,4476.599269306288,-7221.011662276041
95176,Cormeilles-en-Parisis,10514.757446644831,3294.1277565521477,-7220.629690092684
95197,Deuil-la-Barre,9027.729630597038,1865.4009771706776,-7162.32865342636
95582,Sannois,10120.738482032079,3017.2532481518,-7103.485233880278
78545,Saint-Cyr-l'École,9098.064333019613,2049.6118259206346,-7048.4525070989785
77514,Villeparisis,10043.41641933558,3038.359685226527,-7005.056734109052
92007,Bagneux,15311.30885484233,8417.590363468818,-6893.718491373511
91027,Athis-Mons,12929.613475012593,6118.5678170901865,-6811.0456579224065
92022,Chaville,8688.247279716514,1944.9302561916447,-6743.317023524869
92075,Vanves,11841.916040802016,5296.919012004409,-6544.9970287976075
93005,Aulnay-sous-Bois,23800.765645476353,17329.39658043704,-6471.369065039315
94059,Le Plessis-Trévise,7945.871132413092,1608.4457995049904,-6337.425332908101
77445,Savigny-le-Temple,11110.319409158283,4801.279483008566,-6309.039926149717
95306,Herblay-sur-Seine,11640.897713683373,5345.217596080505,-6295.6801176028675
93006,Bagnolet,14099.126807567969,7931.581605893694,-6167.545201674275
94044,Limeil-Brévannes,10267.529578026477,4114.392940059806,-6153.136637966671
92035,La Garenne-Colombes,13490.598288770012,7352.654400916349,-6137.943887853663
95219,Ermont,10692.678135659851,4630.4968408429195,-6062.181294816932
91434,Morsang-sur-Orge,7671.585154945874,1697.2307948419739,-5974.3543601039
91114,Brunoy,9355.103113610307,3421.635102080556,-5933.468011529751
95585,Sarcelles,14872.84091847481,9047.368814630041,-5825.47210384477
78005,Achères,8480.835951788882,2794.0976059828868,-5686.738345805996
91201,Draveil,9431.707393534238,3839.21895284208,-5592.488440692157
95680,Villiers-le-Bel,8468.25451050291,2877.0299797305465,-5591.224530772362
94016,Cachan,10401.922395296628,4818.188179885167,-5583.73421541146
78126,La Celle-Saint-Cloud,7427.151983898534,1922.7035839777068,-5504.448399920828
95637,Vauréal,6298.6881911362025,968.9121242882783,-5329.776066847924
95555,Saint-Gratien,7389.212782021836,2102.4262566825464,-5286.786525339289
91521,Ris-Orangis,9790.132336791406,4599.18369555103,-5190.948641240377
95424,Montigny-lès-Cormeilles,7378.349845758129,2217.158356319145,-5161.191489438985
91549,Sainte-Geneviève-des-Bois,11890.128182950897,6765.134207456393,-5124.993975494504
93064,Rosny-sous-Bois,16245.390996735227,11190.754028363155,-5054.636968372071
93072,Stains,11103.846601246307,6075.0555499789925,-5028.791051267314
94034,Fresnes,9520.943033058082,4548.408589947495,-4972.534443110587
93057,Les Pavillons-sous-Bois,8862.175886385743,3899.921253223964,-4962.25463316178
95607,Taverny,9902.259770386332,4960.594253328624,-4941.665517057708
77122,Combs-la-Ville,8611.368227604966,3695.4197534314635,-4915.948474173502
91687,Viry-Châtillon,10785.108001322064,5892.501677836496,-4892.606323485567
93045,Les Lilas,8435.474731306222,3578.2847312493836,-4857.1900000568385
95323,Jouy-le-Moutier,6555.478519085891,1727.4544644555901,-4828.024054630301
77350,Ozoir-la-Ferrière,7408.197122512465,2596.8393961011657,-4811.357726411299
95428,Montmorency,7671.657845738334,2878.390148506179,-4793.267697232155
78358,Maisons-Laffitte,8834.163646410838,4048.309385508869,-4785.854260901969
78123,Carrières-sous-Poissy,7611.80358307501,2833.701657423859,-4778.10192565115
91421,Montgeron,8142.490857629507,3378.727774139415,-4763.763083490092
78686,Viroflay,7272.848087738876,2515.327451806352,-4757.520635932524
93027,La Courneuve,13894.46310187118,9201.361841678881,-4693.101260192299
91570,Saint-Michel-sur-Orge,7950.670119278584,3282.333356111012,-4668.336763167572
78242,Fontenay-le-Fleury,5567.141222000441,917.9941813078382,-4649.147040692603
91326,Juvisy-sur-Orge,8162.697293125887,3571.3174092112167,-4591.37988391467
78015,Andrésy,5411.753842576899,899.1820025615793,-4512.57184001532
78642,Verneuil-sur-Seine,5936.600265067187,1472.6119713019013,-4463.988293765286
93049,Neuilly-Plaisance,8874.29624603208,4426.198925850128,-4448.0973201819515
92014,Bourg-la-Reine,8120.50650817715,3682.7905174139055,-4437.715990763245
95203,Eaubonne,9626.86219049233,5224.012412985321,-4402.849777507008
93047,Montfermeil,8663.612584501214,4262.1876579295995,-4401.424926571614
94042,Joinville-le-Pont,7995.53208953345,3598.8446976173695,-4396.687391916081
78624,Triel-sur-Seine,5162.090287237194,775.4804628016308,-4386.6098244355635
94071,Sucy-en-Brie,9577.25110267828,5210.396851584909,-4366.85425109337
94073,Thiais,12411.201158172953,8046.675937142819,-4364.525221030134
92032,Fontenay-aux-Roses,9180.177350946968,4821.086039158203,-4359.091311788765
95563,Saint-Leu-la-Forêt,6070.572561232722,1730.9042770338883,-4339.668284198834
77285,Le Mée-sur-Seine,6288.610784269887,1979.0955252226447,-4309.515259047242
77058,Bussy-Saint-Georges,11384.511124514134,7131.188505244249,-4253.322619269885
93061,Le Pré-Saint-Gervais,6699.331681008735,2524.6769541160375,-4174.654726892698
78362,Mantes-la-Ville,6543.133346991657,2377.8960783441494,-4165.237268647508
95598,Soisy-sous-Montmorency,6714.832314244442,2554.9781920039404,-4159.854122240502
77407,Saint-Fargeau-Ponthierry,5618.616699402054,1507.2530492093588,-4111.363650192696
95280,Goussainville,8862.621419128775,4809.854270507605,-4052.7671486211693
78674,Villepreux,4819.513564256054,859.0521411991002,-3960.461423056954
78372,Marly-le-Roi,6179.578910603993,2234.1484705153885,-3945.4304400886044
95427,Montmagny,5104.249895284695,1265.71622255928,-3838.5336727254153
92048,Meudon,17227.676649062483,13412.87559640422,-3814.801052658264
91386,Mennecy,6154.288386271871,2345.228889280177,-3809.059496991694
93051,Noisy-le-Grand,24918.169034940925,21125.203679337486,-3792.965355603439
78383,Maurepas,7424.071563574207,3663.315537956678,-3760.7560256175293
78481,Le Pecq,6002.143297269837,2291.1981837613566,-3710.94511350848
95063,Bezons,13165.96940448116,9520.923900168382,-3645.0455043127786
93014,Clichy-sous-Bois,6831.743203075806,3218.8732903793953,-3612.869912696411
78165,Les Clayes-sous-Bois,6256.439773554406,2656.9255168380782,-3599.514256716328
77479,Vaires-sur-Marne,4999.577335397647,1478.7579593854862,-3520.8193760121612
78073,Bois-d'Arcy,6394.698030440469,2904.3965452327334,-3490.3014852077354
92071,Sceaux,7301.356227765898,3821.449331004102,-3479.9068967617964
95019,Arnouville,4879.254570677908,1442.251327074252,-3437.0032436036563
94078,Villeneuve-Saint-Georges,10526.218212456297,7115.472141997923,-3410.7460704583737
78124,Carrières-sur-Seine,6017.344582158079,2636.315673422383,-3381.028908735696
95199,Domont,5924.717765579306,2570.80638909974,-3353.9113764795657
92077,Ville-d'Avray,4147.898121968568,801.1045912972095,-3346.793530671359
77153,Dammartin-en-Goële,4650.268058370467,1347.9638982170802,-3302.304160153387
94075,Villecresnes,4375.869847740985,1082.9115498946594,-3292.958297846326
95539,Saint-Brice-sous-Forêt,5266.57151868708,1983.3960430308844,-3283.175475656196
77464,Thorigny-sur-Marne,4244.516211103854,962.9250514261568,-3281.5911596776978
94077,Villeneuve-le-Roi,7443.835397088789,4182.643701273666,-3261.1916958151232
91312,Igny,4361.193030690111,1223.6382979975158,-3137.5547326925953
78092,Bougival,3772.5507656209643,669.699435950658,-3102.8513296703063
77307,Montévrain,6957.850564444348,3861.55715796859,-3096.2934064757574
95060,Bessancourt,3466.1075520136287,445.52719710902676,-3020.580354904602
94076,Villejuif,19796.541132976978,16791.41237928293,-3005.128753694047
91552,Saint-Germain-lès-Arpajon,4285.586187547466,1296.5995874033465,-2988.986600144119
78650,Le Vésinet,5690.645759594183,2714.9677140826548,-2975.678045511528
91215,Épinay-sous-Sénart,3817.0565166844335,882.4828828296203,-2934.573633854813
95250,Fosses,3701.209389635474,794.1318588355906,-2907.0775307998833
77152,Dammarie-les-Lys,7241.239109125952,4340.244379389629,-2900.9947297363233
78517,Rambouillet,7633.989534082677,4757.0324978724175,-2876.9570362102595
92033,Garches,6297.81412240495,3426.355971614958,-2871.4581507899916
95229,Ézanville,3783.5210195081336,918.7406820074538,-2864.7803375006797
91105,Breuillet,3518.5724519185346,664.0306000805072,-2854.5418518380275
77268,Magny-le-Hongre,4237.709338512815,1410.0286589551486,-2827.680679557666
91573,Saint-Pierre-du-Perray,4986.386465632661,2162.642932280008,-2823.7435333526532
94004,Boissy-Saint-Léger,6322.80901417197,3507.096838637484,-2815.7121755344865
91216,Épinay-sur-Orge,4054.0726857752197,1246.4438134113886,-2807.628872363831
94060,La Queue-en-Brie,4413.956439663705,1606.6595762649872,-2807.296863398718
91645,Verrières-le-Buisson,5094.946082895086,2311.733966804454,-2783.2121160906318
95487,Persan,4432.718731403292,1674.6250995423245,-2758.0936318609674
92009,Bois-Colombes,12675.544061646424,9939.626020990296,-2735.918040656128
95394,Méry-sur-Oise,3887.2622328850125,1174.571134184815,-2712.6910987001975
78418,Montesson,5786.834713748757,3089.882743610664,-2696.951970138093
77243,Lagny-sur-Marne,7937.373099777389,5262.0067755772225,-2675.3663242001667
77468,Torcy,8490.178100159694,5825.234248063291,-2664.943852096403
95183,Courdimanche,2886.0342137913653,282.7342757953029,-2603.2999379960625
95491,Le Plessis-Bouchard,3553.360943168078,967.7582308432584,-2585.6027123248195
78062,Beynes,3182.526864152675,600.4667225686014,-2582.060141584074
77390,Roissy-en-Brie,8593.240065345462,6033.688404097062,-2559.5516612484007
92020,Châtillon,15344.223871597702,12827.419209771346,-2516.804661826356
91667,Villemoisson-sur-Orge,3030.907814077663,526.6441621220589,-2504.263651955604
78335,Limay,5246.19409170213,2753.301911340403,-2492.8921803617272
95351,Louvres,4444.592953442826,1956.1459572696494,-2488.4469961731766
93062,Le Raincy,5867.504223971639,3411.6709877151707,-2455.833236256468
77349,Othis,2654.4892512972547,268.9195033994495,-2385.569747897805
78643,Vernouillet,3334.3399819673127,961.87085117128,-2372.469130796033
91122,Bures-sur-Yvette,3417.390682125596,1059.4879618595728,-2357.902720266023
77430,Saint-Pathus,2529.9923076923055,185.5400399745433,-2344.4522677177624
94055,Ormesson-sur-Marne,3746.888747258591,1419.8048884337102,-2327.0838588248807
95574,Saint-Prix,2938.3880903490754,621.4574044291569,-2316.9306859199187
77316,Moret-Loing-et-Orvanne,4205.60223576871,1893.4872531391281,-2312.1149826295814
95288,Groslay,3371.1240533274736,1066.7932324987544,-2304.330820828719
91191,Crosne,3869.5226184140556,1578.6821487313057,-2290.84046968275
94019,Chennevières-sur-Marne,6580.49648983758,4293.911390645874,-2286.585099191706
95039,Auvers-sur-Oise,2617.4730160614527,363.5433298057274,-2253.9296862557253
92072,Sèvres,9045.56690576608,6798.047618905432,-2247.519286860648
91045,Ballancourt-sur-Essonne,2978.0588033136273,764.8762861144704,-2213.182517199157
77139,Courtry,2877.38671198107,675.1496165518146,-2202.2370954292555
78551,Saint-Germain-en-Laye,14405.65432415966,12210.071290200767,-2195.583033958892
94001,Ablon-sur-Seine,2489.5355477473236,298.0383169685526,-2191.497230778771
77326,Nandy,2464.026419122999,278.48036657892885,-2185.5460525440703
77014,Avon,4620.90263829421,2442.541580247939,-2178.3610580462714
95218,Éragny,6962.53243585729,4790.265848110623,-2172.266587746667
91315,Itteville,2761.5578898094063,594.8380737753125,-2166.719816034094
91174,Corbeil-Essonnes,16429.708639432265,14299.227026608149,-2130.4816128241164
91665,La Ville-du-Bois,3407.9700934579437,1291.9238323160032,-2116.0462611419407
91097,Boussy-Saint-Antoine,2958.234105501933,842.3398351087787,-2115.8942703931543
77249,Lésigny,2646.5439278628605,558.2335035702729,-2088.3104242925874
78361,Mantes-la-Jolie,9996.450597009358,7917.7790140817415,-2078.6715829276163
91345,Longjumeau,7554.971951063013,5501.484716144596,-2053.487234918417
77171,Esbly,2632.6090969198563,617.001208301183,-2015.6078886186733
91553,Saint-Germain-lès-Corbeil,2776.309609931762,780.6758972161034,-1995.633712715659
77143,Crégy-lès-Meaux,2302.450691244242,331.2433636441518,-1971.2073276000901
91577,Saintry-sur-Seine,2206.874109729636,281.2342367522256,-1925.6398729774105
93033,Gournay-sur-Marne,2688.6393516785906,772.2266313964403,-1916.4127202821503
77320,Mouroux,2394.1130992766025,481.01381683286377,-1913.0992824437387
77284,Meaux,14706.910318059432,12793.875386092399,-1913.0349319670331
95205,Écouen,2887.1151425831786,975.0769444719521,-1912.0381981112264
95388,Menucourt,2453.428331936297,547.8463332318128,-1905.5819987044842
78397,Le Mesnil-Saint-Denis,2734.5421712965726,830.0103814954434,-1904.5317898011292
91339,Linas,2920.4313871536283,1058.9997434182212,-1861.431643735407
78638,Vaux-sur-Seine,2151.22173992001,296.2294182586527,-1854.9923216613572
78158,Le Chesnay-Rocquencourt,10230.707698681272,8377.742045606054,-1852.9656530752181
78220,Les Essarts-le-Roi,2544.9076276605138,701.283647921112,-1843.6239797394019
95392,Mériel,2138.172451042921,332.1889503080895,-1805.9835007348313
95091,Bouffémont,2506.0763933909197,709.5619755707644,-1796.5144178201554
95480,Parmain,2160.0515753258433,367.10830046670236,-1792.943274859141
78490,Plaisir,10859.107893176013,9069.210253939606,-1789.8976392364075
77067,Cesson,4335.401979702625,2558.393074523477,-1777.0089051791479
78267,Gargenville,2820.5010020040104,1065.2437333972978,-1755.2572686067126
77330,Nanteuil-lès-Meaux,2810.2595622560275,1058.2468104165623,-1752.0127518394652
91514,Quincy-sous-Sénart,3373.344474393531,1650.186614403338,-1723.1578599901932
77183,La Ferté-sous-Jouarre,3071.79400851606,1376.4474651222376,-1695.3465433938222
78455,Noisy-le-Roi,2525.7854236652147,838.9775717003989,-1686.8078519648157
78531,Rosny-sur-Seine,2448.401906149782,809.2766415123097,-1639.1252646374724
91333,Leuville-sur-Orge,1941.0430325920436,310.95366639338965,-1630.0893661986538
95052,Beaumont-sur-Oise,3210.3622465997923,1610.3945987147986,-1599.9676478849938
78396,Le Mesnil-le-Roi,2217.8589951377603,628.5440964967886,-1589.3148986409717
91600,Soisy-sur-Seine,2513.5412990715486,926.3772774868968,-1587.164021584652
94067,Saint-Mandé,8247.910864046256,6670.69958842739,-1577.2112756188662
94053,Noiseau,1946.036857775047,370.5302827664552,-1575.5065750085919
95257,La Frette-sur-Seine,1858.5197368421018,285.51971364447195,-1573.0000231976298
91207,Égly,2426.259994886122,855.2483615553813,-1571.0116333307408
77079,Champagne-sur-Seine,2201.360268159202,634.366597618569,-1566.993670540633
78321,Jouars-Pontchartrain,2344.4049251190904,777.7289393931677,-1566.6759857259226
91226,Étréchy,2515.26802606051,965.8805449653026,-1549.387481095207
91286,Grigny,6761.023070330284,5213.097238219496,-1547.9258321107882
95652,Viarmes,1918.5169880624414,375.3796221786032,-1543.1373658838384
91540,Saint-Chéron,1916.1361426008427,376.5162575100294,-1539.6198850908133
78537,Saint-Arnoult-en-Yvelines,2014.6385853430945,478.4728301730694,-1536.165755170025
93074,Vaujours,3069.4347841188123,1542.0635369897268,-1527.3712471290855
95488,Pierrelaye,3755.689941869701,2232.294123029098,-1523.3958188406032
78224,L'Étang-la-Ville,1739.0290740493333,239.8438518835332,-1499.1852221658
77475,Trilport,2122.1089206126167,624.8945085871846,-1497.214412025432
95313,L'Isle-Adam,3685.0429900539634,2193.484652917725,-1491.5583371362386
78672,Villennes-sur-Seine,2059.8242553207024,568.290455429243,-1491.5337998914592
93030,Dugny,3275.7636667907896,1787.4850292267406,-1488.278637564049
78138,Chanteloup-les-Vignes,3271.3561870213093,1786.024710473064,-1485.3314765482453
93039,L'Île-Saint-Denis,2696.5425467712757,1214.893413714933,-1481.6491330563426
91249,Forges-les-Bains,1698.8109862209078,224.76721219641024,-1474.0437740244975
77372,Pomponne,1745.4870425779916,294.9711016715889,-1450.5159409064026
93001,Aubervilliers,26220.996183418643,24771.723213455887,-1449.2729699627562
77513,Villenoy,2115.234673479273,670.565067613847,-1444.669605865426
91376,Marolles-en-Hurepoix,2343.391282269277,901.4472688336358,-1441.944013435641
95134,Champagne-sur-Oise,1765.9780219780223,327.04655228380153,-1438.9314696942208
77382,Quincy-Voisins,2283.2421120432705,845.5071052262986,-1437.735006816972
77055,Brou-sur-Chantereine,1981.330517885528,560.1633217408872,-1421.167196144641
91223,Étampes,6739.476713127075,5327.725817108554,-1411.7508960185205
78314,Issou,1623.9607515621658,213.46285936607694,-1410.4978921960887
91685,Villiers-sur-Orge,1981.1035986913867,583.0104429666759,-1398.0931557247109
91347,Longpont-sur-Orge,2630.1228915662573,1243.7572639166135,-1386.3656276496438
78327,Juziers,1545.424876847291,160.05928880358127,-1385.3655880437097
77155,Dampmart,1497.9241773962797,114.30374498352693,-1383.6204324127527
77222,Guignes,1817.0272334903188,446.49135951996107,-1370.535873970358
77413,Saint-Germain-sur-Morin,1665.8361937939621,298.22929084007905,-1367.606902953883
95352,Luzarches,1795.1210591189194,438.4455838935093,-1356.67547522541
95504,Presles,1578.313887548986,236.68291906371923,-1341.6309684852667
93015,Coubron,1987.3213146519065,648.2331329675998,-1339.0881816843066
78382,Maurecourt,1629.7986475570915,292.21832628053,-1337.5803212765616
78688,Voisins-le-Bretonneux,4327.4306844290695,3001.66741262063,-1325.7632718084396
77315,Montry,1664.4001840588173,345.32982542014184,-1319.0703586386755
95116,Bruyères-sur-Oise,1708.7136380139095,402.41999709509435,-1306.293640918815
78190,Croissy-sur-Seine,3883.6717696030178,2605.474713996752,-1278.1970556062656
91085,Boissy-sous-Saint-Yon,1654.670075867537,381.38921245116995,-1273.280863416367
77037,Bois-le-Roi,2125.970648240716,861.1607525658401,-1264.8098956748759
78380,Maule,2129.625426621161,871.9719854678057,-1257.6534411533553
78402,Mézières-sur-Seine,1554.6374024801175,301.83812598211034,-1252.7992764980072
95509,Puiseux-en-France,1536.2337010758363,284.65399648953644,-1251.5797045862998
92076,Vaucresson,3063.311782477343,1815.0635267350717,-1248.2482557422713
91587,Saulx-les-Chartreux,2529.5660123682683,1286.8388224056407,-1242.7271899626276
78350,Louveciennes,2715.871484821344,1484.2073443659162,-1231.6641404554277
78401,Meulan-en-Yvelines,3037.494892179582,1854.5742313201902,-1182.920660859392
78486,Le Perray-en-Yvelines,2514.2279355333803,1348.9648496852546,-1165.2630858481257
77142,Crécy-la-Chapelle,2010.9859194275227,848.5613472787579,-1162.4245721487648
95026,Asnières-sur-Oise,1327.4889238017358,170.8449252811928,-1156.643998520543
91433,Morigny-Champigny,1728.544715447153,578.3741123299646,-1150.1706031171884
77114,Chevry-Cossigny,1813.9631225727835,664.3975252099159,-1149.5655973628677
77371,Pommeuse,1321.7397034596358,188.8151418740551,-1132.9245615855807
77238,Jouarre,1492.4987572754055,373.00919669357165,-1119.4895605818338
78442,Neauphle-le-Château,1403.2251474728414,293.3142198704149,-1109.9109276024265
77378,Pringy,1528.694980694984,425.1466735267757,-1103.5483071682083
78367,Mareil-Marly,1452.8822775414876,354.6903613791527,-1098.191916162335
77175,Évry-Grégy-sur-Yerre,1334.4487432365343,253.5037728941499,-1080.9449703423843
91232,La Ferté-Alais,1517.135474135396,448.703919217313,-1068.4315549180828
77107,Chaumes-en-Brie,1408.6526842909325,341.17631415668615,-1067.4763701342463
78575,Saint-Rémy-lès-Chevreuse,2790.874430724559,1725.0780368466085,-1065.7963938779503
91457,La Norville,1644.9639115250282,605.5703081166887,-1039.3936034083395
95149,Chaumontel,1228.3033403169857,193.14453777760176,-1035.158802539384
77463,Thomery,1343.443186260502,308.57624951774557,-1034.8669367427565
94056,Périgny,1286.8759124087574,256.1148416658773,-1030.76107074288
78089,Bonnières-sur-Seine,1669.977416419831,639.9018494574218,-1030.075566962409
77219,Guérard,1171.7482493820723,147.4145924028216,-1024.3336569792507
91016,Angerville,1334.8418657565403,312.5021149282391,-1022.3397508283012
77419,Saint-Mammès,1204.3807922608166,185.87580252006444,-1018.5049897407522
78502,Le Port-Marly,2231.0833977340903,1217.2090896383158,-1013.8743080957745
77217,Grisy-Suisnes,1298.1976473537823,288.07755846817145,-1010.1200888856108
91579,Saint-Vrain,1237.8985685223424,231.08669336645352,-1006.8118751558889
78003,Ablis,1382.4043904209543,377.1166910865913,-1005.287699334363
78160,Chevreuse,2093.309742127638,1091.3586578892964,-1001.9510842383415
95355,Magny-en-Vexin,1900.5780164034793,909.39410571791,-991.1839106855693
77042,Boissy-le-Châtel,1223.5034205804523,238.05770343856153,-985.4457171418908
77005,Annet-sur-Marne,1352.9302325581402,371.12607761666607,-981.8041549414742
77458,Souppes-sur-Loing,1386.4204545454536,415.24015485797173,-971.1802996874819
77259,Longperrier,1159.641254683806,194.71673231757566,-964.9245223662303
91425,Montlhéry,3811.4218901664035,2853.8616969941336,-957.5601931722699
91461,Ollainville,2037.1597482785542,1086.461516895128,-950.6982313834262
95051,Beauchamp,3371.5599881609787,2423.9219332053785,-947.6380549556002
77215,Gretz-Armainvilliers,3021.0069049779304,2074.493140001457,-946.5137649764733
78431,Morainvilliers,1214.3001137693352,272.91362584932614,-941.3864879200091
77018,Bailly-Romainvilliers,3137.683309557762,2203.334677630392,-934.3486319273702
94015,Bry-sur-Marne,6993.689425655621,6066.655645249479,-927.0337804061419
77521,Villiers-sur-Morin,969.2060824059375,43.374992475447485,-925.8310899304901
78265,Garancières,1056.986301369861,140.73675042274405,-916.2495509471169
91099,Boutigny-sur-Essonne,1037.496045148306,121.88311320638256,-915.6129319419234
95430,Montsoult,1667.6769953508426,791.9554904926889,-875.7215048581537
78263,Gambais,999.5266004316513,132.99141870920656,-866.5351817224448
95120,Butry-sur-Oise,955.8526785714295,90.46623284301711,-865.3864457284124
77344,Oissery,1037.1410043749954,172.53339471688233,-864.6076096581131
91225,Étiolles,1185.6247923785802,327.75486402448155,-857.8699283540986
91129,Cerny,1326.3785916669424,469.0022674755018,-857.3763241914405
77176,Faremoutiers,1253.0874047988796,406.42199987813973,-846.6654049207398
78571,Saint-Nom-la-Bretèche,1433.9362991756195,596.5015939479417,-837.4347052276778
78217,Épône,2487.894937903179,1653.529706945569,-834.3652309576103
77389,La Rochette,1570.547963206304,740.2874078810468,-830.2605553252573
94048,Marolles-en-Brie,1652.544535739085,835.7487600124216,-816.7957757266634
77210,La Grande-Paroisse,1035.2362229222538,218.45056887794397,-816.7856540443098
95604,Survilliers,1542.369784054768,736.5879125429059,-805.781871511862
95028,Attainville,871.0481831384268,66.82838795267902,-804.2197951857478
95566,Saint-Martin-du-Tertre,964.4875468712327,162.78107365915946,-801.7064732120732
77495,Vert-Saint-Denis,3401.359149581606,2599.8175369935307,-801.5416125880752
77420,Saint-Mard,1510.380801916609,716.1069333374189,-794.2738685791901
95056,Belloy-en-France,990.4917487019937,196.71917766270698,-793.7725710392867
94047,Mandres-les-Roses,1817.611763527287,1031.0917979697442,-786.5199655575427
77327,Nangis,2406.133727906205,1620.7575772365885,-785.3761506696164
95500,Pontoise,10042.190649314494,9258.403021836346,-783.7876274781484
77352,Ozouer-le-Voulgis,899.6622289703045,116.8259250814805,-782.836303888824
77483,Varreddes,909.8450704225357,130.39530131066877,-779.449769111867
77047,Bouleurs,818.4815279864448,39.38795618451599,-779.0935718019288
91468,Ormoy,1323.721665117391,553.6547256046133,-770.0669395127777
77409,Saint-Germain-Laval,939.3943661971828,173.76473330593564,-765.6296328912472
78356,Magny-les-Hameaux,3555.0752688172047,2804.3310935260115,-750.7441752911932
77083,Champs-sur-Marne,9210.915754332658,8462.796617471473,-748.1191368611853
77100,Le Châtelet-en-Brie,1714.739264310542,966.8543803145653,-747.8848839959767
77241,Juilly,936.5386760830885,191.97989752979717,-744.5587785532913
78255,Freneuse,1221.6043365817047,482.30377860986476,-739.3005579718399
77470,Tournan-en-Brie,3181.431028105595,2442.309102439274,-739.1219256663212
77255,Livry-sur-Seine,858.153846153845,122.73093601519625,-735.4229101386488
91156,Cheptainville,1007.9023879587273,275.9117425393038,-731.9906454194236
77040,Boissise-le-Roi,1232.5932448155556,502.26472863831856,-730.3285161772371
91390,Le Mérévillois,1071.298745302601,349.3732327306552,-721.9255125719458
77493,Verneuil-l'Étang,1260.2665259048172,542.3985944037968,-717.8679315010204
78239,Follainville-Dennemont,791.4755614524331,74.66950739143152,-716.8060540610015
95353,Maffliers,825.5401281431886,109.56456684838585,-715.9755612948027
92073,Suresnes,19365.746652301157,18659.362578682852,-706.3840736183047
95256,Frépillon,1420.551047400747,714.2679584936255,-706.2830889071214
91359,Maisse,971.4525947355911,266.49014290418245,-704.9624518314087
91318,Janville-sur-Juine,851.9731389397549,157.87868224205403,-694.0944566977009
77277,Marles-en-Brie,864.5423280423292,170.97246391053943,-693.5698641317898
95641,Vémars,1296.884416929791,604.310648641437,-692.5737682883541
78337,Limetz-Villez,705.2211550357936,16.21341556902452,-689.0077394667691
95426,Montlignon,1091.2335160886457,403.2963878147108,-687.937128273935
78049,Bazemont,730.0959024422777,43.681254323156296,-686.4146481191215
91275,Gometz-le-Châtel,1012.1904437691186,328.2096633311396,-683.980780437979
94074,Valenton,4467.263436045112,3786.5237324935056,-680.7397035516065
77433,Beautheil-Saints,729.8817058223223,49.55231661574352,-680.3293892065788
91243,Fontenay-lès-Briis,1002.3162015613568,326.83359662034775,-675.4826049410091
77400,Saint-Augustin,731.2763157894738,58.819957911500296,-672.4563578779735
77317,Mormant,1822.24129212296,1151.8958028839143,-670.3454892390457
93078,Villepinte,12200.998511298618,11531.053441633227,-669.9450696653912
77374,Pontcarré,929.811729877502,259.8878964729248,-669.9238334045772
77226,Héricy,865.2217908959406,196.70258355791967,-668.5192073380209
91017,Angervilliers,769.6859256647531,102.85434899448033,-666.8315766702727
95241,Fontenay-en-Parisis,843.8181818181814,181.2043558382549,-662.6138259799266
77405,Saint-Cyr-sur-Morin,723.7872541102577,64.07327529658399,-659.7139788136736
78354,Magnanville,1912.6923406338292,1253.3800943158526,-659.3122463179766
91095,Bouray-sur-Juine,906.1856047815952,253.87712481570088,-652.3084799658943
77075,Chalifert,714.9744408945692,63.74589054038485,-651.2285503541843
77312,Montigny-sur-Loing,841.543313546372,191.27076273980666,-650.2725508065654
78403,Mézy-sur-Seine,755.0266496183218,104.95068937181428,-650.0759602465075
91511,Pussay,783.3347716995544,137.58695870931314,-645.7478129902413
95371,Marly-la-Ville,2138.870962263127,1494.7707034737211,-644.1002587894056
95142,Chars,807.498654313993,163.72682139640582,-643.7718329175872
77240,Jouy-sur-Morin,722.255247487977,81.37244618139208,-640.882801306585
91635,Vauhallan,733.6670631817832,99.98799238093977,-633.6790708008434
77494,Vernou-la-Celle-sur-Seine,888.5971213193777,257.0943992364559,-631.5027220829218
77135,Courpalay,660.5162015270472,31.15884871085124,-629.357352816196
91044,Ballainvilliers,2095.4512987012968,1469.3246476730696,-626.1266510282271
77377,Presles-en-Brie,996.038331091587,381.82957524275986,-614.2087558488272
78090,Bouafle,908.773033707864,297.76246975212456,-611.0105639557394
77048,Bourron-Marlotte,941.155001235256,332.8594309892653,-608.2955702459907
78334,Lévis-Saint-Nom,671.253918495298,65.41309150614543,-605.8408269891526
91649,Vert-le-Petit,1216.1988847583646,614.8453768468813,-601.3535079114832
77397,Saâcy-sur-Marne,673.2383148032114,72.3616545607931,-600.8766602424183
91332,Leudeville,648.6416933124148,49.53422457917253,-599.1074687332423
78087,Bonnelles,824.6192483111865,227.42629222522888,-597.1929560859577
77125,Condé-Sainte-Libiaire,659.8301307971942,62.82181700549857,-597.0083137916956
77096,Chartrettes,993.9016073546652,397.2701338124658,-596.6314735421994
91330,Lardy,2467.0485092143267,1872.582238399398,-594.4662708149287
78576,Saint-Rémy-l'Honoré,692.9437869822494,100.20577284536441,-592.738014136885
77168,Égreville,705.6892933397511,114.21081261849893,-591.4784807212521
78233,Feucherolles,992.6138613861373,401.59597071555424,-591.017890670583
77192,Fontenay-Trésigny,2081.878150960832,1499.8670322881605,-582.0111186726715
77264,Lumigny-Nesles-Ormeaux,669.9931740614333,89.9278060051445,-580.0653680562888
77302,Moncourt-Fromonville,653.6868071221493,74.81575261429553,-578.8710545078537
77309,Monthyon,825.4853801169597,247.6231561761416,-577.8622239408181
78057,Bennecourt,600.5039476646604,25.070234920603703,-575.4337127440566
91568,Saint-Maurice-Montcouronne,612.1476897059597,38.49457075177232,-573.6531189541873
78107,Bréval,685.8166237102233,114.50924729257356,-571.3073764176497
78108,Les Bréviaires,605.7757617739785,36.92185637551973,-568.8539053984588
91047,Baulne,643.1705685618725,75.62256501961001,-567.5480035422626
77053,Brie-Comte-Robert,6681.559655820404,6114.026211324157,-567.5334444962473
77086,La Chapelle-Gauthier,644.8766832929547,77.84908339460101,-567.0275998983536
77455,Soignolles-en-Brie,915.1842189542881,348.540783236635,-566.6434357176531
78346,Longnes,622.8188842783183,57.36831861310428,-565.450565665214
77063,La Celle-sur-Morin,590.4997122467997,27.02938226835733,-563.4703299784424
77529,Voulangis,638.4214450414736,78.58318028464384,-559.8382647568297
91634,Vaugrigneuse,617.7451218792075,61.644624268622806,-556.1004976105847
91198,D'Huison-Longueville,620.052006729862,68.29113716630474,-551.7608695635572
77295,Moisenay,621.3676470588243,69.93184328889866,-551.4358037699257
95436,Mours,642.0562901516233,93.26749624918956,-548.7887939024338
77292,Messy,607.0280177623989,58.97387044413423,-548.0541473182647
77339,Noisy-sur-École,659.3739959865562,115.30010469795307,-544.0738912886031
77359,Perthes,790.7753623188411,249.19698454132688,-541.5783777775142
77457,Solers,580.9791043594626,39.49095419414886,-541.4881501653136
77199,Fublaines,579.5189910089603,38.085945450306546,-541.4330455586537
95058,Bernes-sur-Oise,903.1176892453325,361.8264284344818,-541.2912608108506
78030,Auffargis,742.0205926793257,207.84881681950452,-534.1717758598211
91593,Sermaise,601.0924966361501,67.90104815108359,-533.1914484850665
78299,Hardricourt,1055.2313738909609,524.2316219664234,-530.9997519245375
78465,Orgerus,744.1458524718676,216.59038794293625,-527.5554645289313
78591,Septeuil,801.1352657004838,274.59447740397405,-526.5407882965098
91411,Les Molières,761.3455146336016,235.17763115302787,-526.1678834805738
77069,Chailly-en-Bière,789.1158882478228,263.5751338587675,-525.5407543890553
91244,Fontenay-le-Vicomte,692.4683544303793,171.94873352608002,-520.5196209042994
94018,Charenton-le-Pont,11699.209415115458,11180.200964160329,-519.0084509551289
78171,Condé-sur-Vesgre,550.5828995188186,32.359547380860356,-518.2233521379583
78550,Saint-Germain-de-la-Grange,756.5706513621031,238.86003706196448,-517.7106143001387
77239,Jouy-le-Châtel,580.9530899617705,64.5339959379179,-516.4190940238526
77447,Seine-Port,708.1711736521144,192.95767643601633,-515.2134972160981
77404,Sainte-Colombe,609.3146067415728,94.16265238664066,-515.1519543549322
77469,Touquin,538.2354784509155,24.91527647687494,-513.3202019740405
77162,Doue,538.5435103889988,26.28579924188185,-512.257711147117
95446,Nesles-la-Vallée,661.9862360586415,155.176600065328,-506.80963599331346
77177,Favières,526.2209302325577,22.051735616334092,-504.16919461622365
77358,Penchard,553.9955058933851,50.090137127275476,-503.9053687661097
91111,Briis-sous-Forges,1347.5542952971266,847.921251925947,-499.6330433711796
95675,Villeron,811.2730690666008,312.1431582165284,-499.1299108500724
77148,Crouy-sur-Ourcq,569.4654830380517,73.55886020296671,-495.90662283508505
91175,Corbreuse,584.3546416771699,89.75838354551666,-494.5962581316532
91630,Le Val-Saint-Germain,563.067247100039,69.84857950385316,-493.21866759618587
77269,Maincy,692.5035859557867,199.53286100504138,-492.9707249507453
95002,Ableiges,536.4025182316108,45.28175326217076,-491.12076496944
77159,Donnemarie-Dontilly,792.7472638464138,302.46574435696266,-490.28151948945117
91363,Marcoussis,3259.6511627906993,2773.2057073644423,-486.445455426257
77203,Germigny-l'Évêque,500.0937346489916,13.741007696935451,-486.3527269520561
78192,Dammartin-en-Serve,537.0051258923224,50.89229665644138,-486.11282923588107
77084,Changis-sur-Marne,521.9173943027267,36.23851558383547,-485.67887871889127
77311,Montigny-Lencoup,529.1223021582738,44.680071192781384,-484.4422309654924
77216,Grez-sur-Loing,600.2278238392017,116.23239898384402,-483.9954248553577
93079,Villetaneuse,3715.5315263947164,3241.6562385169223,-473.8752878777941
91408,Moigny-sur-École,526.5134055665677,57.40639877845427,-469.10700678811344
77126,Congis-sur-Thérouanne,677.3211009174306,208.35709458775125,-468.96400632967936
77254,Liverdy-en-Brie,558.3283112838856,91.34954127488759,-466.97877000899797
78601,Sonchamp,556.1105364997785,89.5778607803413,-466.5326757194372
91161,Chilly-Mazarin,7469.64433320244,7004.98672678271,-464.65760641972975
77221,Guermantes,543.3011215586474,79.10799566528853,-464.1931258933589
77124,Conches-sur-Gondoire,580.1726826412284,119.4082329085411,-460.76444973268735
78043,Bailly,1243.6042365016376,785.3040751219402,-458.30016137969744
77070,Chailly-en-Brie,650.0031947000745,192.3937734335581,-457.6094212665164
91106,Breux-Jouy,485.56548795717947,29.461222270723354,-456.10426568645613
78290,Guernes,468.14369651438517,12.242375323178958,-455.9013211912062
95042,Baillet-en-France,800.2590040533495,344.5333455877383,-455.72565846561116
95370,Marines,1189.0835998085977,735.0645602754701,-454.0190395331276
91533,Saclas,639.8549599741161,186.26712858684363,-453.5878313872725
77191,Fontenailles,485.61507506874574,33.57061713218193,-452.0444579365638
77508,Villeneuve-le-Comte,730.7850010232313,279.89123480291914,-450.89376622031216
91284,Les Granges-le-Roi,470.06156399424543,19.282841304658128,-450.7787226895873
77257,Lizy-sur-Ourcq,1033.4531812233072,584.180768801185,-449.2724124221222
77415,Saint-Jean-les-Deux-Jumeaux,533.160457887109,86.1307563624921,-447.02970152461694
95369,Margency,1029.0002539854868,582.2553204943999,-446.74493349108684
77318,Mortcerf,572.0208209204663,126.97882310597103,-445.0419978144953
77099,Château-Landon,752.0338983050847,311.0159930254771,-441.0179052796076
78189,Crespières,651.3453358760232,213.59896501161904,-437.7463708644042
91338,Limours,2456.2980698485276,2018.6482575987595,-437.64981224976805
77078,Chamigny,528.4264654070357,90.80153265208261,-437.6249327549531
77154,Dammartin-sur-Tigeaux,505.34038456037524,69.29982494251915,-436.0405596178561
78384,Médan,485.61691401556936,52.6068689005371,-433.01004511503226
94070,Santeny,1548.932027879464,1120.0150334145835,-428.9169944648804
78128,Cernay-la-Ville,541.2166972093477,112.8425979327915,-428.3740992765562
77095,Charny,695.6743129935415,268.70968151805585,-426.9646314754857
78368,Mareil-sur-Mauldre,596.0192527743026,170.8874727739058,-425.13178000039676
77128,Couilly-Pont-aux-Dames,889.4888266205965,466.0191293263736,-423.46969729422284
77510,Villeneuve-Saint-Denis,575.3771292585967,153.24764491006326,-422.1294843485334
77001,Achères-la-Forêt,527.8402868957406,105.87083919957475,-421.9694476961659
78605,Tacoignières,452.7250000000003,32.12134682205552,-420.6036531779448
77077,Chambry,437.2761011131271,18.93907591742996,-418.33702519569715
78033,Aulnay-sur-Mauldre,484.7669041093154,69.48785630593123,-415.2790478033842
78451,Nézel,473.55209688917984,60.16203128536691,-413.3900656038129
78310,Houdan,1127.5611194585267,714.4294920668414,-413.13162739168536
77533,Vulaines-sur-Seine,991.4652509652495,578.6194946614246,-412.84575630382494
77393,Rozay-en-Brie,1083.1688454297073,673.9805299759504,-409.1883154537569
92078,Villeneuve-la-Garenne,7265.32676956176,6857.895751977177,-407.43101758458306
77531,Voulx,515.5648351285483,108.1754989015347,-407.38933622701364
77480,Valence-en-Brie,442.3037720327593,36.07205872944004,-406.2317133033193
77392,Rouvres,436.58268771577536,32.35262030287064,-404.2300674129047
91132,Chamarande,525.4791192302135,123.95283543210208,-401.5262837981115
78562,Saint-Léger-en-Yvelines,490.77975051764435,90.59670912041986,-400.1830413972245
77337,Noisiel,5638.305039286464,5238.229307487755,-400.07573179870906
77441,Samois-sur-Seine,649.3782018815431,249.5175978468651,-399.860604034678
95210,Enghien-les-Bains,4256.552745144527,3858.7178344584718,-397.8349106860551
77141,Coutevroult,533.6449607081847,137.03407589139735,-396.61088481678735
78588,Saulx-Marchais,441.92885914890564,45.41007571258538,-396.5187834363203
77208,Gouaix,485.6469422355401,89.28890236926767,-396.3580398662724
77431,Saint-Pierre-lès-Nemours,1552.9750479846477,1157.4834271058294,-395.49162087881837
77478,Ussy-sur-Marne,451.2735849056602,58.94647877269995,-392.32710613296024
78464,Orcemont,409.9949748743715,21.064724221579667,-388.93025065279187
91274,Gometz-la-Ville,640.1628965959493,251.7310556218266,-388.4318409741227
78120,Bullion,681.2779315594099,293.6306409889071,-387.64729057050283
77196,Fresnes-sur-Marne,436.5489130434778,49.22930808745838,-387.3196049560194
78501,Porcheville,1188.734799926508,801.4959936668698,-387.2388062596382
95625,Us,489.39156142089286,102.8508866983556,-386.54067472253723
78262,Galluis,539.3720734356236,153.85731524729587,-385.51475818832773
77008,Armentières-en-Brie,400.8375176880484,15.76312585134658,-385.07439183670186
78474,Orvilliers,393.4339676598445,9.18347425908552,-384.25049340075896
95592,Seraincourt,474.9786113269106,95.39765221410761,-379.580959112803
77106,Chauffry,406.6421847492787,27.53803837209878,-379.10414637718
77031,Bernay-Vilbert,400.61650028558563,22.82729077914126,-377.78920950644437
78246,Fontenay-Saint-Père,465.3206149956847,87.64393303364596,-377.67668196203874
77283,May-en-Multien,396.3465909090903,19.49991518183729,-376.846675727253
77010,Aubepierre-Ozouer-le-Repos,449.7307455792992,73.74079900298352,-375.9899465763157
78460,Oinville-sur-Montcient,431.43512083653667,58.64193457442717,-372.7931862621095
77065,Cély,494.521879662984,122.59596419935322,-371.9259154636308
91525,Roinville,491.1425646528168,119.65272915702457,-371.48983549579225
77229,La Houssaye-en-Brie,722.710316758158,353.3063005737954,-369.4040161843626
77363,Le Pin,671.0712760082736,301.75483016110223,-369.31644584717134
95628,Valmondois,450.0938296093546,81.52316049801128,-368.5706691113433
91130,Chalo-Saint-Mars,400.6519683199752,34.65937960294763,-365.99258871702756
91581,Saint-Yon,404.19762622231696,39.04578742828377,-365.1518387940332
78410,Moisson,377.44318181818244,15.586650620582919,-361.8565311975995
78329,Lainville-en-Vexin,369.0548780487802,7.5838469951355005,-361.4710310536447
77406,Saint-Denis-lès-Rebais,396.76425140118226,35.59472619817767,-361.1695252030046
95594,Seugy,370.40163045462936,10.15144422917341,-360.25018622545593
95452,Nointel,364.9469518340657,6.43003122991882,-358.5169206041469
77209,Gouvernes,448.27520219564957,89.8569924317412,-358.41820976390835
77486,Vaudoy-en-Brie,391.55555555555543,34.910297832926,-356.6452577226294
77101,Châtenay-sur-Seine,384.28217821782124,27.82789229313103,-356.4542859246902
77442,Samoreau,955.9142242753368,600.1784930169748,-355.73573125836197
78193,Dampierre-en-Yvelines,407.2484692871365,52.83299417744608,-354.4154751096904
78520,Richebourg,511.28571428571377,158.11546603424046,-353.1702482514733
77439,Salins,406.3521126760568,55.597887597089525,-350.75422507896724
77504,Villemaréchal,382.5094339622641,33.36474626469709,-349.144687697567
78034,Auteuil,378.2652661231338,29.80950089049135,-348.4557652326425
77437,Saint-Soupplets,1323.343636344925,975.1588428438814,-348.1847935010436
78440,Les Mureaux,8329.501858057198,7983.3182749397965,-346.1835831174012
95177,Cormeilles-en-Vexin,475.39872723568595,130.1079474035346,-345.2907798321513
95365,Mareil-en-France,368.7938762178034,24.212016243816578,-344.58185997398687
77113,Chevru,398.4466019417472,55.00618161934078,-343.4404203224064
95612,Le Thillay,1575.4103116737622,1233.8095485541962,-341.60076311956595
91617,Tigery,1962.3989649953746,1620.9867004327418,-341.4122645626328
77089,La Chapelle-Rablais,360.2774616972642,18.90933695164383,-341.3681247456204
77428,Saint-Ouen-en-Brie,351.2650602409642,10.24178758689187,-341.02327265407234
78443,Neauphle-le-Vieux,397.0973930045781,56.39186275130878,-340.70553025326933
91469,Ormoy-la-Rivière,401.22818670426165,61.11223607750734,-340.1159506267543
91038,Auvers-Saint-Georges,492.67689782343575,153.07466212299025,-339.6022357004455
77376,Précy-sur-Marne,354.917197452229,15.921486692289431,-338.9957107599396
91159,Chevannes,700.2721859304298,361.417751635409,-338.85443429502084
77173,Étrépilly,363.623898775372,25.555214840978785,-338.0686839343932
95535,Sagy,380.1843317972346,43.420654793844406,-336.7636770033902
78609,Tessancourt-sur-Aubette,431.0051020408164,94.64791537429753,-336.3571866665188
91546,Saint-Cyr-sous-Dourdan,420.1729988094447,84.54277090409352,-335.6302279053512
77266,Machault,364.07408280233386,30.102967672869582,-333.9711151294643
77188,Fontaine-le-Port,388.34059046751986,56.44906698787803,-331.8915234796418
77109,Chenoise-Cucharmoy,480.5013479746154,149.70898524116643,-330.79236273344895
78209,Émancé,353.5767148249919,23.15539333510353,-330.4213214898883
77435,Saint-Sauveur-sur-École,370.83791242951463,40.64253063756974,-330.1953817919449
77232,Isles-lès-Villenoy,448.5377703533402,118.64203141188007,-329.89573894146014
77335,Chauconin-Neufmontiers,1179.1913238434663,850.0871456417377,-329.1041782017286
77088,La Chapelle-la-Reine,679.8845528490504,351.5424341411593,-328.3421187078911
78557,Saint-Hilarion,339.0766808842866,11.890562132224657,-327.18611875206193
77265,Luzancy,385.36842105263224,60.53064923399526,-324.83777181863695
95074,Boisemont,440.5943735818935,116.12177702115557,-324.4725965607379
78307,Hermeray,340.11001621491624,16.324830126860828,-323.7851860880554
78567,Saint-Martin-la-Garenne,349.45438952477605,27.21935746064391,-322.23503206413216
77418,Saint-Loup-de-Naud,367.4204498065366,46.25732794669651,-321.1631218598401
77323,Moussy-le-Vieux,650.5892255892262,330.03872777755095,-320.55049781167526
77061,Cannes-Écluse,722.3311546840953,402.7416681578474,-319.58948652624787
77272,Maison-Rouge,374.9639337342195,57.88644928404557,-317.0774844501739
91080,Boissy-le-Cutté,487.48014760501724,171.83902052340267,-315.64112708161457
77117,Citry,331.14689265536697,16.1805016890849,-314.96639096628206
77388,Reuil-en-Brie,333.8404754299499,19.417149396751732,-314.4233260331982
77116,Choisy-en-Brie,432.7138277074152,121.27160595330405,-311.44222175411113
77512,Villeneuve-sur-Bellot,417.5940655265813,106.5506429886372,-311.0434225379441
95541,Saint-Clair-sur-Epte,322.8571428571431,13.91320303650575,-308.94393982063735
77118,Claye-Souilly,4433.759703150492,4125.205817474064,-308.55388567642785
77260,Longueville,532.351040073527,226.62333080997368,-305.72770926355327
95395,Le Mesnil-Aubry,383.8855511687525,78.39192238820628,-305.4936287805462
78444,Neauphlette,313.9199999999999,9.19285635074807,-304.72714364925184
95554,Saint-Gervais,324.4135010351865,19.88573344200547,-304.52776759318107
77270,Maisoncelles-en-Brie,409.87166858724396,107.00972292848985,-302.8619456587541
91195,Dannemois,323.4082840236685,21.476880309463017,-301.9314037142055
77032,Beton-Bazoches,381.7990716989764,80.07592401421861,-301.72314768475775
78140,Chapet,424.5044167189782,123.15506896332872,-301.34934775564943
78681,Villiers-le-Mahieu,356.6968837738853,55.59276446858251,-301.1041193053028
91639,Vayres-sur-Essonne,387.19820775513455,88.74417067768466,-298.45403707744987
77044,Bombon,353.70588235294144,56.38716675351607,-297.3187155994254
91463,Oncy-sur-École,399.8997252556876,103.18899334536644,-296.71073191032116
78364,Marcq,329.052319405378,33.19835778263437,-295.8539616227436
77440,Sammeron,431.20539455370624,135.88890618915747,-295.3164883645488
77308,Montgé-en-Goële,317.2763334903545,22.30859089423938,-294.9677425961151
78522,Rochefort-en-Yvelines,373.3863620830483,80.81478504789757,-292.57157703515077
78125,La Celle-les-Bordes,332.9806727954749,41.06781498716905,-291.91285780830583
77519,Villiers-Saint-Georges,380.30192440704866,89.57840718755277,-290.7235172194959
91294,Guillerval,374.0121212121213,84.20087169179087,-289.8112495203304
78470,Orphin,344.8011049723756,55.3311736297474,-289.4699313426282
91273,Gironville-sur-Essonne,303.7580607054664,14.81119972624891,-288.9468609792175
77436,Saint-Siméon,352.52122953452704,63.86092907483344,-288.6603004596936
91629,Valpuiseaux,300.64285714285705,13.33606081815865,-287.3067963246984
77231,Isles-les-Meldeuses,321.7331047853502,35.21804928848938,-286.5150554968608
78564,Saint-Martin-de-Bréthencourt,290.2200840953772,5.16310822686562,-285.0569758685116
78230,La Falaise,303.75071085602843,18.821781655844397,-284.92892920018403
77025,Bazoches-lès-Bray,308.4886563828462,24.39582715350572,-284.0928292293405
77354,Pamfou,408.0378987921764,124.53358630284531,-283.5043124893311
91081,Boissy-le-Sec,297.8109343782828,15.561924451986261,-282.24900992629654
78616,Thoiry,619.5349651366796,338.6765472808172,-280.8584178558624
78516,Raizeux,299.5531067462574,19.73862928862741,-279.81447745763
95287,Grisy-les-Plâtres,290.4113475177306,12.28775402089258,-278.123593496838
77322,Moussy-le-Neuf,1399.631402372776,1121.8210564282183,-277.81034594455764
77490,Vendrest,282.46381882131993,4.86554621848739,-277.59827260283254
77456,Soisy-Bouy,281.25491824817937,4.79011678331798,-276.4648014648614
77383,Rampillon,335.1715976331361,58.918303384057296,-276.2532942490788
77071,Chaintreaux,307.8806712870579,32.69679016895336,-275.1838811181045
95529,Ronquerolles,298.324022346369,23.36335745437755,-274.9606648919915
77165,Les Écrennes,293.7822449672723,20.83400471685892,-272.94824025041333
95678,Villiers-Adam,314.25882352941204,41.41763479887393,-272.84118873053814
95660,Villaines-sous-Bois,323.2342969482605,52.05880911669964,-271.1754878315609
91412,Mondeville,294.42666666666685,24.734154052315,-269.69251261435187
91599,Soisy-sur-École,416.77391304347833,147.91187339457514,-268.8620396489032
77365,Le Plessis-Feu-Aussoux,278.35240639421886,9.755263555783749,-268.5971428384351
91393,Mérobert,298.47585929572114,30.0628975289698,-268.4129617667513
95308,Hérouville-en-Vexin,285.24009912138854,17.187756244974178,-268.05234287641434
77202,La Genevraye,339.5509767833181,72.06110229146496,-267.48987449185313
77381,Quiers,297.1370069024042,29.7204554092705,-267.41655149313374
94069,Saint-Maurice,5528.970740471881,5262.331595775299,-266.63914469658175
77234,Jablines,313.49531190767084,47.39030083709508,-266.10501107057576
78007,Aigremont,339.0599078341011,74.5744470360601,-264.485460798041
77293,Misy-sur-Yonne,283.66561388135045,20.019112386117932,-263.64650149523254
77474,Trilbardou,320.6906664342984,57.322192012298906,-263.3684744219995
77410,Saint-Germain-Laxis,395.70799254939794,132.57715820346155,-263.13083434593636
77233,Iverny,283.11570247933867,20.200196526703742,-262.91550595263493
78437,Mousseaux-sur-Seine,287.41219721729357,25.72610264958237,-261.6860945677112
78082,Boissy-Mauvoisin,269.8437650587022,8.61026991441738,-261.23349514428486
91293,Guigneville-sur-Essonne,334.12232524241404,73.1112520469785,-261.01107319543553
95040,Avernes,280.7630214737015,20.609788427421257,-260.1532330462802
78020,Arnouville-lès-Mantes,343.1746031746029,83.4482802156042,-259.7263229589987
78036,Autouillet,268.5047437370978,8.92140074373376,-259.583342993364
77459,Sourdun,492.07826272098606,232.8876089952485,-259.19065372573755
77172,Esmans,292.0953638204855,34.24164438167798,-257.8537194388075
77528,Voisenon,450.37801351186306,193.09549256038025,-257.2825209514828
77345,Orly-sur-Morin,263.6633722590975,7.83389605097619,-255.82947620812132
77411,Saint-Germain-sous-Doue,274.4976670038497,20.21230202511243,-254.28536497873728
77182,La Ferté-Gaucher,1148.023204419891,894.3786593288526,-253.64454509103848
78497,Poigny-la-Forêt,277.8212390772204,24.60485291462605,-253.21638616259435
78006,Adainville,262.48726881212986,9.85496460715176,-252.63230420497808
77273,Marchémoret,294.314049586777,42.399598932108525,-251.91445065466849
77261,Lorrez-le-Bocage-Préaux,423.61737852631836,172.01000956667974,-251.60736895963862
77049,Boutigny,325.89957859505273,74.79322994741007,-251.10634864764268
91435,Morsang-sur-Seine,263.9117612277784,13.36875367768868,-250.54300755008973
78597,Soindres,298.8169351777451,48.642021960072114,-250.174913217673
77054,La Brosse-Montceaux,262.5484981829296,12.646407385177149,-249.90209079775246
77130,Coulommes,270.97296828355906,22.644798210760314,-248.32817007279874
77453,Sivry-Courtry,455.91790429861436,208.30343213765008,-247.61447216096428
95627,Vallangoujard,271.5244840980364,24.178259369073523,-247.34622472896288
95298,Haravilliers,260.85173164950425,13.937163126262412,-246.91456852324183
77527,Voinsles,278.0657997711006,31.74776009096813,-246.31803968013247
77214,Gressy,305.41346847444515,62.922014550131905,-242.49145392431325
77195,Fouju,256.9135186842999,14.625223711503349,-242.28829497279656
78569,Sainte-Mesme,320.43307576980095,79.83017487260192,-240.60290089719905
77516,Ville-Saint-Jacques,300.37037037037027,60.07024682647547,-240.3001235438948
91100,Bouville,282.6374331852969,42.60500292058621,-240.0324302647107
77045,Bougligny,269.1618474869064,30.17758962871656,-238.98425785818986
78289,Grosrouvre,286.1690827492517,47.76092609783428,-238.4081566514174
78113,Brueil-en-Vexin,281.08233736190147,44.14387598843154,-236.93846137346992
78484,Perdreauville,246.59354616078156,10.000299003322262,-236.5932471574593
77425,Saint-Martin-en-Bière,255.3069699607773,18.90954714329876,-236.39742281747854
77465,Thoury-Férottes,250.69435763399485,14.44874137842686,-236.245616255568
95651,Vétheuil,282.3250386301065,46.18662965119304,-236.13840897891347
77517,Villevaudé,757.4071498059564,522.7454119136322,-234.66173789232414
78152,Chavenay,601.5839924201316,367.9038158907123,-233.68017652941933
77432,Saint-Rémy-de-la-Vanne,378.1507180204526,145.57810771406116,-232.57261030639143
77274,Marcilly,243.26852383577128,10.77495249664652,-232.49357133912474
78647,Vert,310.57114616283553,78.56672590640794,-232.00442025642758
78202,Drocourt,275.92867032759074,44.11251079895995,-231.81615952863078
77164,Échouboulains,236.8599332112713,5.14553990610329,-231.71439330516802
77161,Dormelles,270.72127432329364,39.28624285178396,-231.4350314715097
77357,Pécy,320.1766126203805,89.42095763298948,-230.75565498739104
78031,Auffreville-Brasseuil,241.4931903738805,11.621332124321949,-229.87185824955856
77147,La Croix-en-Brie,264.30236818732396,34.462662794671644,-229.83970539265232
78084,Boissy-sans-Avoir,242.62903225806474,12.955732769058589,-229.67329948900615
78048,Bazainville,540.7133934884786,311.10164432374927,-229.6117491647293
77423,Saint-Martin-des-Champs,249.859401378796,20.37084983531174,-229.48855154348428
95584,Santeuil,243.71230037872814,14.256598092425468,-229.45570228630268
77509,Villeneuve-les-Bordes,269.5873759013373,40.84550527464536,-228.74187062669193
77300,Montceaux-lès-Meaux,253.77845727782494,25.356390592100258,-228.42206668572467
77386,Recloses,240.46108912693802,12.203537044054972,-228.25755208288305
77248,Lesches,272.85343795034623,45.13850693960476,-227.71493101074148
77082,Champeaux,298.21769536234154,72.09022259919277,-226.12747276314877
95445,Nerville-la-Forêt,260.2709051647517,35.44060880952292,-224.83029635522877
77030,Bellot,281.3148627403542,56.53988153509116,-224.77498120526306
77085,Chanteloup-en-Brie,1810.8570969279622,1587.0869792903413,-223.77011763762084
78655,Vieille-Église-en-Yvelines,275.1990169379069,53.02922814587496,-222.16978879203194
78506,Prunay-en-Yvelines,263.2098765432099,41.66067232029666,-221.5492042229132
95254,Frémécourt,236.1868902788623,15.128551102501744,-221.05833917636056
78317,Jambville,283.32851952747467,62.851414005518365,-220.4771055219563
77501,Villecerf,256.38297872340445,36.387096921343826,-219.99588180206064
77145,Crisenoy,262.91349583043836,44.8206070532822,-218.09288877715616
77401,Sainte-Aulde,252.81101632347884,34.971607690151515,-217.8394086333273
91121,Buno-Bonnevaux,229.12380952380943,11.35249624349934,-217.7713132803101
77336,Neufmoutiers-en-Brie,568.4091712243961,351.11188050126015,-217.29729072313597
77398,Sablonnières,232.54141001630694,15.343387624027919,-217.19802239227903
77340,Nonville,238.38102242410622,21.243219140470853,-217.13780328363538
91654,Videlles,233.44434756613094,16.77990201747621,-216.66444554865473
77451,Signy-Signets,250.04612714826212,33.625190360497186,-216.42093678776493
91671,Villeneuve-sur-Auvers,258.9008307311943,42.57103090967512,-216.32979982151915
78261,Gaillon-sur-Montcient,282.6155817128168,66.40031670330934,-216.21526500950745
77201,Gastins,272.00654107989754,56.06432999138338,-215.94221108851417
77244,Larchant,264.63698630137014,48.80042609785677,-215.8365602035134
77120,Cocherel,219.81838327989777,4.76564565432576,-215.052737625572
91679,Villiers-le-Bâcle,417.00483091787413,202.09621842565213,-214.908612492222
77338,Noisy-Rudignon,230.62459643349257,15.721560723572619,-214.90303570991995
95328,Labbeville,233.97512504834415,19.27513203958036,-214.69999300876378
77039,Boissise-la-Bertrand,405.64286174919823,191.21292546862702,-214.4299362805712
78407,Mittainville,221.42640619933516,7.5421062896793,-213.88429990965585
78013,Andelu,223.7833685739145,9.98147295203984,-213.80189562187465
78053,Béhoust,218.44844795459426,5.04761904761905,-213.40082890697522
95213,Épiais-Rhus,236.68959099530304,23.545273801409493,-213.14431719389353
91631,Varennes-Jarcy,820.2557157321326,607.3118395718667,-212.94387616026586
95101,Bray-et-Lû,287.1444669430021,74.63749284194732,-212.50697410105477
91186,Courson-Monteloup,257.02036038737873,45.12576875998848,-211.89459162739024
78324,Jouy-Mauvoisin,211.87541050982867,0,-211.87541050982867
77034,Blandy,325.370021650605,114.34163850907905,-211.02838314152595
77472,La Trétoire,210.40659340659323,0,-210.40659340659323
91662,Villeconin,257.71999999999997,47.761634147846785,-209.95836585215318
77129,Coulombs-en-Valois,218.94957983193265,11.0015246911724,-207.94805514076026
91200,Dourdan,2850.4273647692676,2642.6661214700453,-207.76124329922231
91319,Janvry,262.28340311040927,55.31472619467195,-206.96867691573732
78245,Fontenay-Mauvoisin,212.16483516483493,5.76447149415146,-206.40036367068348
78291,Guerville,779.8292347195221,573.8357760069348,-205.9934587125873
77515,Villeroy,342.74650168533634,136.90452852904764,-205.8419731562887
77179,Féricy,241.76932787137736,36.2872740505748,-205.48205382080255
78475,Osmoy,219.71528330074548,15.00405270127606,-204.71123059946942
95483,Le Perchay,234.96523250411815,31.059834821366316,-203.90539768275184
78276,Gommecourt,208.69672131147564,5.32510554807935,-203.37161576339628
77184,Flagy,238.03569198605922,35.031839816799426,-203.0038521692598
78029,Aubergenville,4231.728673044235,4029.3115382857186,-202.4171347585161
78071,Boinville-le-Gaillard,221.91455745688745,19.67529886364994,-202.2392585932375
77534,Yèbles,425.55153245277495,224.666486287313,-200.88504616546194
78236,Flexanville,210.7368421052631,10.26477742113913,-200.47206468412395
95348,Longuesse,216.42857142857144,17.141197585883646,-199.2873738426878
77144,Crèvecœur-en-Brie,223.96276036369878,24.784558907007657,-199.1782014566911
94037,Gentilly,7428.565085030595,7231.431315577574,-197.13376945302025
91098,Boutervilliers,229.48705687510878,32.57015973089906,-196.9168971442097
78499,Ponthévrard,276.90021286392766,80.60260867239145,-196.2976041915362
77370,Poligny,220.38553048431993,25.200846746412694,-195.18468373790722
95170,Condécourt,218.95657426653185,24.0426953497834,-194.91387891674844
77174,Everly,203.93508858017114,11.40243481944084,-192.5326537607303
78325,Jumeauville,207.2952718618973,14.90391090233088,-192.3913609595664
91432,Morangis,4915.396856543686,4723.316574249478,-192.0802822942078
95169,Commeny,236.82640978933813,44.77642478288376,-192.04998500645436
78104,Breuil-Bois-Robert,265.2526890688968,74.697222646441,-190.55546642245582
77081,Champdeuil,337.80013308271646,147.32198452696218,-190.47814855575427
77281,Mauperthuis,213.28975809665002,23.03322232275477,-190.25653577389525
95253,Frémainville,199.66113205076238,9.99127822075764,-189.66985383000474
78320,Notre-Dame-de-la-Mer,228.91765894780306,39.7970256038143,-189.12063334398877
78618,Tilly,198.3304136108387,9.73340460926429,-188.5970090015744
77485,Le Vaudoué,217.05175463502323,28.57766769899174,-188.47408693603148
77062,Carnetin,201.25375577795765,13.276385278229942,-187.9773704997277
77020,Bannost-Villegagnon,221.96882890233178,34.1366596521099,-187.83216925022188
91560,Saint-Jean-de-Beauregard,208.79381443298962,21.664661809166212,-187.12915262382342
77006,Arbonne-la-Forêt,320.5723611977822,134.311943936307,-186.2604172614752
77290,Méry-sur-Marne,215.61745708059289,29.617055105660693,-186.0004019749322
77076,Chalmaison,274.57403416358073,88.80666764334063,-185.7673665202401
77023,Barcy,194.42634468127744,8.69650359801186,-185.72984108326557
91441,Nainville-les-Roches,213.08076162552692,27.433942095407378,-185.64681953011953
77185,Fleury-en-Bière,265.4547745130301,79.87893265989338,-185.5758418531367
77446,Savins,190.24035716568912,5.0340520604639,-185.20630510522523
77429,Saint-Ouen-sur-Morin,183.84466019417465,0,-183.84466019417465
78559,Saint-Illiers-le-Bois,190.853953267175,7.25039558877055,-183.60355767840446
78050,Bazoches-sur-Guyonne,263.6892055585694,80.1723547751103,-183.51685078345912
77178,Faÿ-lès-Nemours,205.6787878196719,22.34202939815,-183.3367584215219
78366,Mareil-le-Guyon,223.12117868579466,40.37981500727553,-182.74136367851912
77287,Meilleray,196.95000000000002,14.7124250918304,-182.23757490816962
78344,Lommoye,192.41800967755532,10.26104812473207,-182.15696155282325
77052,Bréau,221.29876773576882,39.27912745350697,-182.01964028226183
78068,Blaru,195.68023255813966,13.681069010258991,-181.99916354788067
77520,Villiers-sous-Grez,233.39713995564725,54.6254587939252,-178.77168116172206
77473,Treuzy-Levelay,193.35738261540982,14.880667951803108,-178.4767146636067
91079,Boissy-la-Rivière,201.22379786661452,22.844595307942942,-178.37920255867158
95102,Bréançon,178.1075946431395,0,-178.1075946431395
78548,Saint-Forget,190.99566995655266,14.26464582592019,-176.73102413063248
91482,Pecqueuse,249.18861043089072,72.83406337692496,-176.35454705396575
77408,Saint-Fiacre,181.3857294652443,5.13762178836144,-176.24810767688288
77242,Jutigny,199.2247475893568,23.7094617246555,-175.5152858647013
77072,Chalautre-la-Grande,185.21969679913036,10.01150258717839,-175.20819421195196
77331,Nanteuil-sur-Marne,180.25038517841318,5.09604519774011,-175.1543399806731
95456,Noisy-sur-Oise,205.03994207211773,30.004125976351524,-175.0358160957662
77443,Sancy,177.60217739546292,2.9447425704704,-174.65743482499252
77524,Vimpelles,194.1736340622007,21.48167784122236,-172.69195622097834
78466,Orgeval,2355.6953010230145,2183.6571758519376,-172.0381251710769
77360,Pézarches,191.50250533643052,19.84894469244431,-171.6535606439862
77427,Saint-Mesmes,257.63050521232486,86.23795476216938,-171.39255045015548
95078,Boissy-l'Aillerie,841.4547677261619,670.955552479042,-170.49921524711988
77007,Argentières,175.13023326370654,4.91235329617995,-170.21787996752659
95270,Genainville,220.1089108910892,50.024778175090425,-170.08413271599878
77385,Rebais,683.535002561548,514.5131492690599,-169.02185329248812
77279,Marolles-sur-Seine,586.056900422591,417.81764887749495,-168.239251545096
77506,Villemer,254.8698630136986,87.09635855350635,-167.77350446019224
77073,Chalautre-la-Petite,200.82585647209308,34.01343164342313,-166.81242482866995
91247,La Forêt-le-Roi,192.504761904762,25.69708603898642,-166.8076758657756
77462,Thieux,347.5427807491328,181.69988555014842,-165.8428951989844
95023,Arronville,215.6361910776912,50.70070200762526,-164.93548907006593
77027,Beaumont-du-Gâtinais,188.06481481481475,23.226979274032807,-164.83783554078195
77454,Sognolles-en-Montois,175.1957078608194,15.08040872264482,-160.11529913817458
78349,Longvilliers,181.2380129592044,21.404620357481903,-159.8333926017225
77414,Saint-Hilliers,180.00022290575143,20.23136643321247,-159.76885647253897
78278,Goupillières,199.29824561403512,41.36419072151559,-157.93405489251953
78677,Villette,190.6199570040908,33.77703576720871,-156.8429212368821
77138,Courtomer,241.0346822413852,84.88479492264364,-156.14988731874158
95181,Courcelles-sur-Viosne,155.97448978853868,0,-155.97448978853868
77247,Lescherolles,171.35770034824543,15.41636934762817,-155.94133100061725
91093,Boullay-les-Troux,206.3181748258352,50.8254654059509,-155.4927094198843
91021,Arpajon,4255.465137054001,4100.256393551125,-155.20874350287613
78413,Mondreville,159.0269126687184,4.48627678002496,-154.54063588869346
77115,Chevry-en-Sereine,162.30923968260876,7.87067062822201,-154.43856905438676
95429,Montreuil-sur-Epte,169.24050632911377,15.501679728957912,-153.73882660015585
77298,Mons-en-Montois,166.46684025453288,12.876712096320219,-153.59012815821268
78668,La Villeneuve-en-Chevrie,158.30434782608694,4.86900299900801,-153.43534482707892
78300,Hargeville,171.6190476190476,18.537863130567118,-153.08118448848046
78010,Les Alluets-le-Roi,395.0146525074301,241.9666351960585,-153.04801731137164
77057,Bussières,175.80303197372174,23.13458052229064,-152.6684514514311
78620,Toussus-le-Noble,514.4101934147731,362.05580073135104,-152.35439268342202
77505,Villemareuil,156.90116271224858,4.59775297302165,-152.30340973922694
95341,Livilliers,172.12328767123284,20.164588294042268,-151.95869937719058
77460,Tancrou,166.70176087876672,14.77729010562924,-151.92447077313747
77091,Les Chapelles-Bourbon,209.0881492270634,59.300683042949416,-149.787466184114
77246,Léchelle,168.6327503916633,20.48820454625552,-148.14454584540778
77500,Villebéon,156.49346076546945,9.2764793252576,-147.21698144021184
77332,Nantouillet,151.9529935297227,4.79166666666667,-147.16132686305605
95059,Berville,155.72371237487664,8.69229658684704,-147.0314157880296
77245,Laval-en-Brie,159.71570418326473,13.26210356618266,-146.4536006170821
78162,Choisel,179.41198420323312,33.074198745904184,-146.33778545732895
95166,Cléry-en-Vexin,160.34822317675778,14.165218814066408,-146.18300436269138
77507,Villenauxe-la-Petite,169.87499999999994,24.437898245469892,-145.43710175453006
77150,Cuisy,180.3829787234042,35.47579705520253,-144.90718166820167
77227,Hermé,183.9960693448955,39.476984490047684,-144.5190848548478
91547,Saint-Escobille,161.45447396300008,17.88290148849075,-143.57157247450934
77163,Douy-la-Ramée,152.94939654050955,9.73109243697478,-143.21830410353476
91477,Palaiseau,12963.786995023158,12820.828800058158,-142.95819496500008
95139,La Chapelle-en-Vexin,141.93860457213606,0,-141.93860457213606
77391,Rouilly,158.59223300970882,16.93751977672795,-141.65471323298087
78381,Maulette,336.7316018546134,195.1703987822509,-141.5612030723625
77043,Boitron,145.77951201226614,4.70152163757076,-141.0779903746954
77011,Aufferville,168.05348277018356,27.12642736501556,-140.927055405168
91035,Authon-la-Plaine,162.63013698630138,21.88748372205857,-140.74265326424282
95150,Chaussy,195.07692307692312,54.77835779758082,-140.2985652793423
77253,Lissy,161.53034313136715,21.362809292816316,-140.16753383855084
78415,Montainville,175.0051562961379,35.27113444241441,-139.7340218537235
77498,Vignely,166.70967741935496,28.057863395030843,-138.65181402432412
77093,La Chapelle-Moutils,138.41772151898726,0,-138.41772151898726
78513,La Queue-les-Yvelines,852.610434959592,715.2262971367943,-137.3841378227977
78147,Chaufour-lès-Bonnières,141.75426713584653,5.01744186046512,-136.73682527538142
78530,Rosay,146.0657540928883,9.908770369063479,-136.15698372382482
77525,Vinantes,140.54794520547932,4.52789399803445,-136.02005120744488
91556,Saint-Hilaire,143.92592592592587,8.15381243469483,-135.77211349123104
77022,Barbizon,321.57975585407615,185.8557159830916,-135.72403987098454
91544,Saint-Cyr-la-Rivière,147.79797979797985,12.42259268620615,-135.3753871117737
77347,Les Ormes-sur-Voulzie,253.56985567775246,119.32899998631265,-134.2408556914398
77236,Jaulnes,139.38384532758087,5.21666666666667,-134.1671786609142
77364,Le Plessis-aux-Bois,137.30769230769215,3.37225341976036,-133.93543888793178
78096,Bourdonné,156.86000000000004,24.189317752255292,-132.67068224774476
77403,Saint-Brice,250.23899371069172,118.40089167181117,-131.83810203888055
95301,Haute-Isle,131.1375924337043,0,-131.1375924337043
77225,La Haute-Maison,146.6147711244072,15.76592284154393,-130.8488482828633
77038,Boissettes,174.79523766173784,44.39261974209292,-130.4026179196449
78590,Senlisse,174.47824079795038,44.70117839543338,-129.777062402517
77416,Saint-Just-en-Brie,129.6,0,-129.6
91137,Champmotteux,129.59999999999997,0,-129.59999999999997
95447,Neuilly-en-Vexin,135.8500466376807,6.41819131321182,-129.43185532446887
77328,Nanteau-sur-Essonne,134.1335457262806,4.730262585693,-129.4032831405876
78391,Méricourt,136.7561502425217,7.38518374421975,-129.37096649830195
77097,Chartronges,138.2720896665333,9.38629963311097,-128.88579003342232
78505,Prunay-le-Temple,128.86214109532204,0,-128.86214109532204
78283,Grandchamp,128.73056344639878,0,-128.73056344639878
77412,Saint-Germain-sur-École,147.76875777971333,19.427202519418522,-128.3415552602948
78188,Cravent,133.60927670601424,5.75563242119901,-127.85364428481523
95258,Frouville,132.48502819954396,5.03911980440098,-127.44590839514298
91414,Monnerville,151.75486362292858,24.96223395288174,-126.79262967004684
77361,Pierre-Levée,162.9394504737381,36.25704744845056,-126.68240302528756
77167,Égligny,125.20000000000006,0,-125.20000000000006
77321,Mousseaux-lès-Bray,174.3529328429629,49.76662057560436,-124.58631226735855
95656,Vienne-en-Arthies,136.66871262796946,12.66573590756532,-124.00297672040413
95061,Béthemont-la-Forêt,150.42985771730815,26.456908832369777,-123.97294888493838
78285,Gressey,166.233644859813,42.576914523626535,-123.65673033618648
95119,Buhy,126.62884888142598,3.28277573332466,-123.34607314810133
77366,Le Plessis-l'Évêque,123.22032335711339,0,-123.22032335711339
77262,Louan-Villegruis-Fontaine,128.22127833769113,5.04477611940298,-123.17650221828815
77461,Thénisy,123.11078979460494,0,-123.11078979460494
78416,Montalet-le-Bois,143.66849949602923,20.67872382327311,-122.98977567275611
95151,Chauvry,122.89087946545978,0,-122.89087946545978
77280,Mary-sur-Marne,401.37148849695734,278.8940874337595,-122.47740106319782
95459,Nucourt,266.4825174825175,144.14852407859976,-122.33399340391773
91064,Bièvres,1797.0972972972963,1675.5269854778953,-121.57031181940101
91179,Le Coudray-Montceaux,1845.824298282381,1724.3187314920356,-121.50556679034548
77286,Meigneux,124.16326530612236,2.80017541154319,-121.36308989457916
78185,Courgent,135.0942370303369,14.189083229606629,-120.90515380073028
95690,Wy-dit-Joli-Village,125.33333333333326,4.78799429956884,-120.54533903376442
78404,Millemont,126.07190467773167,5.56317463328214,-120.50873004444952
77484,Vaucourtois,130.09259259259247,9.9767785597837,-120.11581403280877
77471,Tousson,139.7693337758137,19.80252295570653,-119.96681082010716
77035,Blennes,121.80781193468691,1.874845208361374,-119.93296672632553
77476,Trocy-en-Multien,129.3750000000001,9.493986104900909,-119.8810138950992
91001,Abbéville-la-Rivière,129.06887388113273,9.88417508417508,-119.18469879695765
77267,La Madeleine-sur-Loing,124.02684667081787,4.88533184111979,-119.14151482969808
78076,Boissets,118.78540371925135,0,-118.78540371925135
77466,Tigeaux,147.4760348020606,29.90234222735115,-117.57369257470947
77019,Balloy,126.75671280320952,9.3983370048366,-117.35837579837292
77157,Dhuisy,122.42409782055572,5.25997180647535,-117.16412601408037
77046,Boulancourt,116.7256216197185,0,-116.7256216197185
77098,Châteaubleau,115.73913043478258,0,-115.73913043478258
77353,Paley,130.7065217391305,15.071203025105259,-115.63531871402523
77235,Jaignes,123.07365240688246,7.57101566914187,-115.50263673774059
95676,Villers-en-Arthies,159.2668856345484,43.8183223130584,-115.44856332149
78296,Guitrancourt,251.52697778129428,136.49537969886438,-115.0315980824299
77223,Gurcy-le-Châtel,225.19999999999996,110.22640414084299,-114.97359585915697
78565,Saint-Martin-des-Champs,119.60655737704919,4.97584541062802,-114.63071196642116
95011,Ambleville,125.06817076215886,10.444000041363958,-114.6241707207949
77140,Coutençon,118.96072323821872,4.8670768319,-114.09364640631873
77026,Beauchery-Saint-Martin,126.6892164208117,13.08997386642449,-113.59924255438722
77367,Le Plessis-Placy,118.30553533294152,4.84799464398554,-113.45754068895597
77004,Andrezel,123.42857142857135,10.0041717781168,-113.42439965045455
95422,Montgeroult,143.64002171191157,30.28825196335485,-113.35176974855672
77387,Remauville,153.45053513762844,41.786548861001386,-111.66398627662704
77402,Saint-Barthélemy,116.66939860762665,5.05,-111.61939860762665
77024,Bassevelle,111.5165549959207,0,-111.5165549959207
91519,Richarville,115.88511583903278,4.73118831729002,-111.15392752174276
77526,Vincy-Manœuvre,120.1754385964912,9.170736185885819,-111.00470241060539
78558,Saint-Illiers-la-Ville,126.47368421052636,16.80890348943457,-109.66478072109179
77380,Puisieux,121.2630269703976,13.533454063322012,-107.72957290707559
77417,Saint-Léger,110.74178133963295,4.75312291721104,-105.9886584224219
77029,Beauvoir,111.00000000000011,5.02069484937655,-105.97930515062356
77289,Melz-sur-Seine,112.44986311791932,7.55250628063208,-104.89735683728725
78077,La Boissière-École,232.6469661998896,129.0269818543436,-103.61998434554599
91602,Souzy-la-Briche,161.16577842403012,57.63117870213082,-103.5345997218993
91037,Auvernaux,129.30461288763667,26.28175563388508,-103.02285725375158
78072,Boinvilliers,117.99709134834285,15.375952765053981,-102.62113858328887
91619,Torfou,114.14511101611575,12.76286327918477,-101.38224773693098
78623,Le Tremblay-sur-Mauldre,257.94888993732894,156.67067098324654,-101.2782189540824
77190,Fontains,110.67039397574086,9.597242436593525,-101.07315153914735
78281,Goussonville,236.25441327777256,135.43670801703982,-100.81770526073274
77003,Amponville,105.78082191780823,4.98581408255916,-100.79500783524907
77090,La Chapelle-Saint-Sulpice,100.38000000000001,0,-100.38000000000001
91495,Plessis-Saint-Benoist,105.79411764705867,5.7967037314896,-99.99741391556907
78163,Civry-la-Forêt,127.92000000000002,28.31821165345453,-99.60178834654549
78653,Vicq,144.07773858586376,44.874697686583104,-99.20304089928065
95054,Le Bellay-en-Vexin,99.07142857142847,0,-99.07142857142847
77050,Bransles,109.53964615742433,10.96079279446233,-98.578853362962
77136,Courquetaine,103.34210526315792,4.91486593193622,-98.4272393312217
78196,Davron,128.1887502237974,29.77672605129112,-98.41202417250628
95024,Arthies,112.79352993322632,14.513948524361428,-98.2795814088649
95316,Jagny-sous-Bois,103.85454545454557,6.088679972954449,-97.76586548159112
77066,Cerneux,103.87499999999997,6.59235729631472,-97.28264270368526
78194,Dannemarie,96.85714285714283,0,-96.85714285714283
77187,Fontaine-Fourches,152.4127600837028,55.859035318078476,-96.55372476562434
77341,Noyen-sur-Seine,106.99381430778286,11.13215881890636,-95.8616554888765
91131,Chalou-Moulineux,95.47336070477398,0,-95.47336070477398
95055,Bellefontaine,161.50858818433943,66.60740679912912,-94.90118138521031
95489,Piscop,281.21013277579596,186.68977016895994,-94.52036260683602
95462,Omerville,110.09336739470223,15.777212409836231,-94.31615498486599
77421,Saint-Mars-Vieux-Maisons,103.32213038840267,9.28458536752283,-94.03754502087983
77151,Dagny,117.42747962694682,23.445673168569652,-93.98180645837716
77523,Villuis,98.17993671266454,5.21157451479929,-92.96836219786525
95304,Hédouville,103.64153869288097,13.4142137108881,-90.22732498199287
78472,Orsonville,106.5573770491804,16.62432940235984,-89.93304764682057
77301,Montceaux-lès-Provins,99.14213402080148,9.687971663105259,-89.45416235769622
95682,Villiers-le-Sec,103.7142857142856,14.439652355151061,-89.27463335913453
77263,Luisetaines,104.5,15.466550351803098,-89.0334496481969
91508,Puiselet-le-Marais,103.88197375699337,14.95499538294229,-88.92697837405109
77193,Forfry,97.02127659574464,8.48507005724684,-88.5362065384978
78398,Les Mesnuls,217.83112199598986,129.32410580286478,-88.50701619312508
91204,Écharcon,314.3661971830987,226.81533722087966,-87.55085996221902
91374,Marolles-en-Beauce,87.42857142857149,0,-87.42857142857149
95154,Chennevières-lès-Louvres,121.9955065659444,34.79273482905791,-87.20277173688649
95379,Maudétour-en-Vexin,91.83333333333326,4.97212275858347,-86.86121057474979
78227,Évecquemont,316.28378378378386,229.52744402896457,-86.7563397548193
91184,Courdimanche-sur-Essonne,90.87009213565258,4.79393934498558,-86.07615279066701
77220,Guercheville,100.27754053532826,14.507423009994309,-85.77011752533394
91578,Saint-Sulpice-de-Favières,117.68399473420018,32.201126790859554,-85.48286794334064
78009,Allainville,115.17236359468899,29.853917308531507,-85.31844628615748
77426,Saint-Méry,146.38944444078084,61.422735954728566,-84.96670848605227
77325,Mouy-sur-Seine,113.65240406470512,29.79158062175103,-83.86082344295409
77119,Clos-Fontaine,83.60817881299299,0,-83.60817881299299
77112,Chevrainvilliers,102.03820070457974,19.34937755925286,-82.68882314532688
95008,Aincourt,296.9970238254684,214.4012788422174,-82.59574498325097
78206,Ecquevilly,1585.0321499635331,1502.7718522566668,-82.26029770686637
77424,Saint-Martin-du-Boschet,91.13119445720042,10.02651933701658,-81.10467512018384
91473,Orveau,81.02941176470588,0,-81.02941176470588
77094,Charmentray,115.03459072416709,35.6979146950765,-79.3366760290906
77522,Villiers-sur-Seine,80.31034482758616,1.00481820002627,-79.3055266275599
77297,Mondreville,93.89300812084052,14.90085769411148,-78.99215042672904
78478,Paray-Douaville,81.64227068011098,3.09123250839131,-78.55103817171967
78305,Herbeville,92.80000000000008,14.566023359412078,-78.233976640588
78683,Villiers-Saint-Frédéric,1336.7891431050311,1260.5313238360516,-76.25781926897957
78417,Montchauvet,80.60502496000211,4.48323997002313,-76.12178498997898
77103,Châtillon-la-Borde,86.85714285714283,10.915257801051599,-75.94188505609124
77013,Aulnoy,159.14793302261367,83.83487842936239,-75.31305459325128
77228,Hondevilliers,79.59183673469386,4.84911208155759,-74.74272465313626
77012,Augers-en-Brie,79.32692307692312,5.11896529485529,-74.20795778206784
77314,Montolivet,78.66374852169429,4.52671356905905,-74.13703495263523
77002,Amillis,235.59844900991735,161.68030642197857,-73.91814258793877
77041,Boissy-aux-Cailles,84.30769230769232,10.47416162350645,-73.83353068418587
91135,Champcueil,947.846661301259,875.0501909701744,-72.7964703310846
77250,Leudon-en-Brie,72.79487179487174,0,-72.79487179487174
77060,Buthiers,109.90707364832915,37.47320888685168,-72.43386476147747
77303,Montdauphin,77.3877551020408,5.03878631142562,-72.34896879061517
78269,Gazeran,482.2698321425395,410.3182900556542,-71.9515420868853
95303,Le Heaulme,71.860465116279,0,-71.860465116279
77194,Forges,135.04204827243734,63.32206861831497,-71.71997965412237
77434,Saint-Sauveur-lès-Bray,144.1676689459622,72.93209706244232,-71.23557188351987
77197,Frétoy,71.23529411764711,0,-71.23529411764711
95543,Saint-Cyr-en-Arthies,75.7466893837455,4.52318319808438,-71.22350618566112
77137,Courtacon,81.33333333333327,10.25173021583851,-71.08160311749477
77206,Giremoutiers,75.5625,4.80601839345737,-70.75648160654264
77313,Montmachoux,70.57142857142858,0,-70.57142857142858
77087,La Chapelle-Iger,74.27777777777783,4.32166242553921,-69.95611535223861
77021,Barbey,68.63636363636368,0,-68.63636363636368
77278,Marolles-en-Brie,144.01263242471293,75.67206920930614,-68.34056321540679
77204,Germigny-sous-Coulombs,81.2,13.00825513962199,-68.19174486037801
91240,Fontaine-la-Rivière,72.70164054989266,5.13400198921957,-67.56763856067309
95331,Lassy,66.51428571428566,0,-66.51428571428566
91399,Mespuits,66.05405405405403,0,-66.05405405405403
77310,Montigny-le-Guesdier,66.00123784587043,0,-66.00123784587043
77016,Bagneaux-sur-Loing,465.43366018841755,399.60895624419743,-65.82470394422012
91613,Congerville-Thionville,76.10256410256417,10.515632341463181,-65.586931761101
78561,Saint-Lambert,160.4791477551059,97.04882048820251,-63.430327266903404
78070,Boinville-en-Mantois,92.42372881355938,29.11106706176747,-63.31266175179191
78536,Sailly,119.5788797511177,56.46166465991891,-63.11721509119879
77156,Darvault,321.6639390294822,259.3296736034598,-62.3342654260224
77033,Bezalles,76.36363636363636,14.06785527401189,-62.29578108962447
91507,Prunay-sur-Essonne,137.4737603778645,76.06246650731497,-61.41129387054953
78528,Rolleboise,110.07344387588739,49.24935725403625,-60.824086621851144
77530,Voulton,69.53333333333337,9.42766106437545,-60.105672268957925
77205,Gesvres-le-Chapitre,63.26666666666671,3.49544811506745,-59.77121855159926
95438,Moussy,74.0,14.23733663028356,-59.76266336971644
95110,Brignancourt,78.76050782202338,19.18601672973018,-59.5744910922932
77467,La Tombe,63.47368421052636,5.12376237623762,-58.349921834288736
77294,Mitry-Mory,6921.230028429295,6862.926305484906,-58.30372294438894
77158,Diant,58.27027027027029,0,-58.27027027027029
78385,Ménerville,62.285714285714235,4.97911644083998,-57.306597844874254
78234,Flacourt,66.41025641025635,10.33536743518002,-56.074888975076334
77319,Mortery,55.599999999999966,0,-55.599999999999966
78343,Les Loges-en-Josas,607.7783204524889,552.7652485743514,-55.01307187813745
91648,Vert-le-Grand,968.735100501752,915.0800555319204,-53.65504496983158
77133,Courcelles-en-Bassée,80.93256069509866,28.05224115312975,-52.88031954196891
95610,Théméricourt,101.9537866532455,49.624483752872365,-52.329302900373136
77271,Maisoncelles-en-Gâtinais,51.4814814814815,0,-51.4814814814815
77481,Vanvillé,71.11764705882356,19.81848318847376,-51.2991638703498
77496,Vieux-Champagne,71.89189189189199,20.72845089323432,-51.16344099865766
95014,Andilly,897.3760330578516,846.7535174844618,-50.62251557338982
77444,Sancy-lès-Provins,65.58208955223876,15.0882963967093,-50.49379315552946
95580,Saint-Witz,879.6679293903882,829.2316027773594,-50.43632661302877
77102,Châtenoy,55.411764705882355,5.05206251170851,-50.35970219417385
95012,Amenucourt,76.63157894736848,26.650435630751648,-49.98114331661684
78608,Le Tertre-Saint-Denis,49.9354838709678,0,-49.9354838709678
77198,Fromont,60.0,10.386145355739721,-49.61385464426028
95295,Guiry-en-Vexin,59.48484848484852,9.99951493485303,-49.48533354999549
77256,Lizines,70.12121212121207,20.92342050587527,-49.1977916153368
91022,Arrancourt,52.88888888888893,3.88618913911359,-49.00269974977534
77134,Courchamp,53.928571428571395,5.08326095218949,-48.845310476381904
77492,Verdelot,168.60597164829275,120.05313644973717,-48.552835198555584
95094,Bouqueval,111.80470591464068,63.555402820163465,-48.24930309447721
77015,Baby,47.999999999999964,0,-47.999999999999964
95157,Chérence,52.880266311079794,4.91814497948582,-47.96212133159398
91526,Roinvilliers,52.608695652173886,4.90190266225522,-47.70679298991867
77230,Ichy,47.400000000000034,0,-47.400000000000034
77212,Gravon,46.814814814814795,0,-46.814814814814795
94021,Chevilly-Larue,6954.291260974697,6908.012613744332,-46.278647230365095
77395,Rumont,45.36,0,-45.36
77207,Gironville,55.34375,10.0103305785124,-45.3334194214876
78302,La Hauteville,45.0,0,-45.0
95046,Banthelu,43.85185185185184,0,-43.85185185185184
77110,Chenou,51.67280202932379,8.98226709419432,-42.69053493512947
77355,Paroy,61.33333333333337,18.90637056449136,-42.42696276884201
95309,Hodent,79.6875,38.752039717849925,-40.935460282150075
77068,Cessoy-en-Montois,52.49043532585192,11.560846968953449,-40.92958835689847
78439,Mulcent,48.413793103448285,7.98621841545549,-40.427574687992795
77275,Les Marêts,50.3846153846154,10.0624338328037,-40.3221815518117
77009,Arville,40.0,0,-40.0
77342,Obsonville,39.999999999999964,0,-39.999999999999964
77200,Garentreville,42.78260869565216,3.30649104701493,-39.47611764863723
77396,Rupéreux,37.57894736842106,0,-37.57894736842106
91180,Courances,93.08465687820248,55.82260814248367,-37.26204873571881
91248,La Forêt-Sainte-Croix,54.29032258064515,18.6522643978681,-35.63805818277705
95611,Theuville,35.33333333333332,0,-35.33333333333332
95144,Châtenay-en-France,38.421052631578895,3.76694168485411,-34.654110946724785
77056,Burcy,41.625,8.38654129043517,-33.23845870956483
91067,Blandy,32.85714285714288,0,-32.85714285714288
78420,Montfort-l'Amaury,760.6299830212162,730.6448390239235,-29.985143997292653
91148,Chauffour-lès-Étréchy,45.0,15.279763318810549,-29.72023668118945
78231,Favrieux,34.07142857142858,5.16179322492697,-28.909635346501606
95387,Menouville,28.1818181818182,0,-28.1818181818182
78406,Milon-la-Chapelle,95.23555013945034,67.22776483532063,-28.007785304129712
77036,Boisdon,27.931034482758598,0,-27.931034482758598
77477,Ury,283.7820508191998,256.3230937878796,-27.45895703132021
95492,Le Plessis-Gassot,40.84210526315792,15.236173917388701,-25.605931345769218
77452,Sigy,25.45454545454544,0,-25.45454545454544
77080,Champcenest,50.512820512820504,25.5538916673963,-24.958928845424204
91112,Brouy,23.8888888888889,0,-23.8888888888889
91069,Boigneville,130.81361617089834,108.33620159465251,-22.477414576245835
78237,Flins-Neuve-Église,77.2413793103449,58.55970850173513,-18.681670808609766
78264,Gambaiseuil,17.72727272727273,0,-17.72727272727273
77343,Ocquerre,139.51049675823614,122.71114975738448,-16.799347000851668
91145,Chatignonville,35.50000000000002,19.66820022780014,-15.831799772199883
77532,Vulaines-lès-Provins,19.73684210526315,5.244437825243,-14.49240428002015
95493,Le Plessis-Luzarches,33.93939393939392,20.69843042048625,-13.240963518907673
77356,Passy-sur-Seine,12.54545454545454,0,-12.54545454545454
91378,Mauchamps,187.88493309892962,177.67372849739618,-10.211204601533439
77489,Vaux-sur-Lunain,32.28763163207043,22.525357416898363,-9.762274215172067
95214,Épinay-Champlâtreux,26.36363636363635,17.105827558169178,-9.257808805467171
78518,Rennemoulin,45.857142857142904,37.62339281864198,-8.233750038500922
95212,Épiais-lès-Louvres,48.46875,41.81394661580309,-6.65480338419691
78606,Le Tartre-Gaudran,6.72727272727272,1.11284996823968,-5.61442275903304
95271,Génicourt,211.9152753966203,206.40897106651005,-5.506304330110254
77482,Varennes-sur-Seine,1139.0636201156026,1134.1092926491453,-4.954327466457244
95141,Charmont,11.0,10.19096892224541,-0.8090310777545895
77218,Grisy-sur-Seine,21.2962962962963,22.3404742903528,1.0441779940565006
91075,Bois-Herpin,39.05882352941176,50.25142957840122,11.192606048989461
77329,Nanteau-sur-Lunain,184.9479694462187,202.43166999701418,17.483700550795476
78644,La Verrière,1738.4124971244,1775.9143740494985,37.501876925098486
77511,Villeneuve-sous-Dammartin,264.5251335241636,302.18173508239227,37.65660155822866
78208,Élancourt,10065.546186767708,10106.214256207288,40.668069439579995
92046,Malakoff,12078.803411183077,12120.2251065433,41.42169536022266
95658,Vigny,370.0,416.63154097761793,46.63154097761793
77282,Mauregard,137.7969528039524,187.87682806459546,50.079875260643064
77348,Ormesson,110.03921568627456,162.90763144921578,52.868415762941225
95633,Vaudherland,30.0,85.62785692893911,55.62785692893911
91292,Guibeville,392.4652406417107,461.4022914487296,68.93705080701892
78389,Méré,600.0467587991558,669.2863174637899,69.23955866463416
78143,Châteaufort,592.5932523025493,670.7515780077757,78.15832570522639
77448,Sept-Sorts,251.62809917355355,332.957598463384,81.32949928983044
95523,La Roche-Guyon,62.85676457095984,148.21087752788458,85.35411295692474
78164,Clairefontaine-en-Yvelines,282.92810457516356,373.72375225443665,90.79564767927309
92047,Marnes-la-Coquette,550.2445817635943,666.2482184838985,116.00363672030426
77368,Poigny,174.1894001291587,292.00874128968957,117.81934116053085
91109,Brières-les-Scellés,502.22724077570575,636.4782005020686,134.25095972636285
91405,Milly-la-Forêt,1228.9549402215512,1364.4775880802526,135.52264785870148
77051,Bray-sur-Seine,438.3423984643922,577.0367035744428,138.69430511005055
77224,Hautefeuille,102.76470588235289,259.64351566124895,156.87880977889608
77127,Coubert,740.9607477436426,908.5181004806634,167.55735273702078
77252,Limoges-Fourches,268.18569191988684,470.0694689676212,201.88377704773438
77211,Grandpuits-Bailly-Carrois,336.62621359223346,558.6295103788663,222.0032967866328
77394,Rubelles,1168.2562111801226,1396.551823701403,228.29561252128042
92063,Rueil-Malmaison,28789.10019744811,29019.70005942165,230.5998619735401
91041,Avrainville,479.11692706337055,740.3797057514043,261.2627786880338
92060,Le Plessis-Robinson,11532.034188252268,11802.096030961999,270.0618427097306
91659,Villabé,2090.7971859763265,2369.9240099662434,279.12682398991683
91136,Champlan,1043.5029040770642,1337.6869183135516,294.1840142364874
95409,Moisselles,536.9933457137494,836.4286673945675,299.4353216808181
78615,Thiverval-Grignon,409.34847196975494,734.0757959636331,324.7273239938782
77180,Férolles-Attilly,409.516718742643,770.448853624117,360.932134881474
95476,Osny,5398.938840788039,5805.141958698398,406.20311791035965
77369,Poincy,290.3240395685006,697.6943057113177,407.3702661428171
95450,Neuville-sur-Oise,775.9061051533292,1207.472013455041,431.5659083017117
75111,Paris 11e Arrondissement,54396.906482460865,54860.67567987567,463.7691974148038
77438,Saint-Thibault-des-Vignes,2803.75565157074,3281.3568079515226,477.6011563807824
95510,Puiseux-Pontoise,239.73435896220428,761.7421799322594,522.0078209700551
91666,Villejust,1018.1873401981966,1550.7593140041843,532.5719738059877
78322,Jouy-en-Josas,2233.328724118954,2787.767517571531,554.4387934525766
77450,Servon,1362.1185006076087,1942.6290729524774,580.5105723448687
77276,Mareuil-lès-Meaux,1167.289103396163,1771.8687982316808,604.5796948355178
91538,Saint-Aubin,246.61128089409107,857.3487794305864,610.7374985364954
77333,Nemours,2819.3844687001333,3457.4134727229803,638.029004022847
77059,Bussy-Saint-Martin,314.3356643356645,984.5297000758329,670.1940357401684
77169,Émerainville,3080.8261296185615,3762.856161776314,682.0300321577524
91494,Le Plessis-Pâté,1675.8426786516509,2368.1388486613746,692.2961700097237
77305,Montereau-Fault-Yonne,3851.485448835611,4550.682605649282,699.197156813671
95211,Ennery,856.1008101279093,1569.675339037458,713.5745289095486
77518,Villiers-en-Bière,74.66666666666661,792.3318131332521,717.6651464665855
92064,Saint-Cloud,11845.917009408644,12579.807782607038,733.8907731983945
95088,Bonneuil-en-France,448.18778868939546,1213.6422896483812,765.4545009589857
93013,Le Bourget,4960.704493137639,5733.677229104655,772.9727359670169
91103,Brétigny-sur-Orge,9533.710880795854,10307.819995834008,774.1091150381544
91458,Nozay,2022.6108881782795,2806.433174644751,783.8222864664715
91479,Paray-Vieille-Poste,2483.439691007692,3275.3620911935286,791.9224001858365
91115,Bruyères-le-Châtel,1445.6963993913848,2247.007403033066,801.3110036416813
77487,Vaux-le-Pénil,4101.960310893998,4922.383442438311,820.423131544313
77104,Châtres,262.022298149151,1096.408470233017,834.3861720838659
77123,Compans,301.73350090520387,1240.1058868006396,938.3723858954357
77181,Ferrières-en-Brie,1733.167791892837,2713.056240170779,979.888448277942
78133,Chambourcy,1939.0452961672459,2938.305809209177,999.2605130419311
78621,Trappes,10111.79122730283,11121.674631617427,1009.8834043145962
77306,Montereau-sur-le-Jard,222.1577413309286,1290.6440592611957,1068.4863179302672
77258,Lognes,5836.040697776369,6909.806087339369,1073.765389563
77132,Coupvray,1128.5904492370198,2255.3527391814005,1126.7622899443807
78238,Flins-sur-Seine,952.8584984476512,2138.1061578964304,1185.2476594487794
77131,Coulommiers,3815.2649458871783,5241.970747521129,1426.7058016339506
91272,Gif-sur-Yvette,7025.237626462687,8470.175586206418,1444.937959743731
91235,Fleury-Mérogis,2780.9050039654994,4296.641340868024,1515.7363369025243
78118,Buchelay,1036.766666666667,2667.5864338162783,1630.8197671496112
77296,Moissy-Cramayel,6806.217336231523,8670.900543798354,1864.6832075668308
91471,Orsay,5789.700995618367,7740.6433298098145,1950.9423341914471
95127,Cergy,19990.95717222853,21986.990157047323,1996.032984818794
77121,Collégien,1359.2389805756682,3436.731585261157,2077.492604685489
78168,Coignières,1596.1558592050237,3690.2036404410037,2094.04778123598
77237,Jossigny,251.63363621023754,2359.413981277547,2107.7803450673096
94043,Le Kremlin-Bicêtre,9024.01813192729,11153.936542454596,2129.9184105273052
77379,Provins,1712.2575429019134,3842.616572363594,2130.3590294616806
94011,Bonneuil-sur-Marne,5392.763795345463,7873.040997063256,2480.277201717793
78117,Buc,2274.9877835951147,4771.211116808513,2496.2233332133983
91086,Bondoufle,4308.799303819362,6860.717750389682,2551.91844657032
93055,Pantin,22002.4423164541,24696.67727040256,2694.2349539484603
91661,Villebon-sur-Yvette,3907.841375295584,6725.698382031628,2817.8570067360442
92024,Clichy,24543.331639660202,27412.190631422935,2868.8589917627323
94041,Ivry-sur-Seine,21719.251129875716,24837.517037024678,3118.2659071489616
77384,Réau,706.1981808845449,3845.302761708634,3139.104580824089
77186,Fontainebleau,3703.977221134178,6937.716851696052,3233.739630561874
91534,Saclay,1748.2079187014326,5191.80238552498,3443.594466823548
95277,Gonesse,7874.857677650713,11417.15188684201,3542.2942091912964
77291,Le Mesnil-Amelot,403.18965517241384,3971.020382376622,3567.830727204208
91692,Les Ulis,7845.73368614394,11674.4280193866,3828.69433324266
77251,Lieusaint,5726.939989371041,9576.380388117293,3849.440398746253
78498,Poissy,12965.93476636095,16986.48262063911,4020.547854278162
91689,Wissous,2898.687938573284,7641.6209182178645,4742.93297964458
77146,Croissy-Beaubourg,735.0223048409454,5579.51367941377,4844.4913745728245
75119,Paris 19e Arrondissement,56104.41878118697,61100.405415667155,4995.986634480185
91340,Lisses,2434.0246687711406,7699.096468344167,5265.0717995730265
77449,Serris,3976.0351776637535,9421.894715332759,5445.8595376690055
95572,Saint-Ouen-l'Aumône,8461.023476176713,13910.665856635913,5449.6423804592
94003,Arcueil,8287.10619367076,14239.360737353789,5952.25454368303
94033,Fontenay-sous-Bois,18630.100458953188,24659.876002806795,6029.775543853608
78423,Montigny-le-Bretonneux,11917.493185041687,18062.16212833776,6144.668943296074
78646,Versailles,25233.836307956404,31851.007129105772,6617.170821149368
77288,Melun,12095.992710726143,18737.55496214063,6641.562251414489
93048,Montreuil,35826.62067008718,42575.5559159564,6748.935245869223
92049,Montrouge,19611.567853398836,26373.138536720882,6761.5706833220465
91377,Massy,19566.717997265074,27312.584403108503,7745.86640584343
93073,Tremblay-en-France,11879.902082051396,21881.660604323286,10001.75852227189
93008,Bobigny,14141.38721624791,24351.340185782818,10209.952969534908
93070,Saint-Ouen-sur-Seine,19187.065198495522,30060.858957831522,10873.793759336
91228,Évry-Courcouronnes,18003.02350282773,29284.224283085143,11281.200780257412
77111,Chessy,2857.3932759198697,14335.810335213202,11478.417059293333
94054,Orly,7562.114688865852,19171.6246205113,11609.509931645447
75103,Paris 3e Arrondissement,11734.781643480965,25057.394737307983,13322.613093827018
75114,Paris 14e Arrondissement,45834.07259786078,59925.08000865814,14091.007410797356
94028,Créteil,27700.144877244737,43554.54167728463,15854.396800039893
78297,Guyancourt,9822.576486888642,29463.138128187293,19640.56164129865
94065,Rungis,2007.9288928892893,22192.42218010384,20184.49328721455
92036,Gennevilliers,13710.158352338021,34141.18818150193,20431.02982916391
92051,Neuilly-sur-Seine,19764.07511003694,41436.23672171144,21672.161611674495
75105,Paris 5e Arrondissement,16124.442606303832,39378.860539335285,23254.41793303145
75104,Paris 4e Arrondissement,8887.143547581461,32975.50311205348,24088.359564472015
92044,Levallois-Perret,26689.29949684251,51266.536823434566,24577.237326592058
78640,Vélizy-Villacoublay,7900.71491868341,32514.83547889114,24614.120560207728
92012,Boulogne-Billancourt,42855.10322443285,68304.20726544279,25449.104041009938
75106,Paris 6e Arrondissement,10632.061458275284,36256.48858294593,25624.42712467065
75117,Paris 17e Arrondissement,57324.50419096103,83001.15105666537,25676.646865704344
92040,Issy-les-Moulineaux,27672.948922338837,54371.03947049508,26698.090548156244
93066,Saint-Denis,41349.20801701854,70904.78444374194,29555.576426723397
75110,Paris 10e Arrondissement,29861.649554092295,63999.444191340626,34137.79463724833
75113,Paris 13e Arrondissement,56827.30158416872,97581.35415731854,40754.05257314981
75116,Paris 16e Arrondissement,43615.28855390714,87110.60829031188,43495.31973640474
92050,Nanterre,29822.482026083817,73488.18024006292,43665.69821397911
75107,Paris 7e Arrondissement,13452.519648173671,59085.09198753436,45632.57233936069
95527,Roissy-en-France,725.56,48169.87758575412,47444.31758575412
75112,Paris 12e Arrondissement,49383.654534293186,97868.76839671218,48485.113862419
75102,Paris 2e Arrondissement,7443.685167338329,59324.16290356069,51880.47773622236
92026,Courbevoie,32322.94408110215,87805.0042363005,55482.06015519836
75101,Paris 1er Arrondissement,5231.852350802708,60814.47415926811,55582.6218084654
92062,Puteaux,18118.579303699906,74919.7658926428,56801.18658894289
75115,Paris 15e Arrondissement,75255.90747548375,139035.41421369076,63779.50673820701
75109,Paris 9e Arrondissement,21480.873199421985,106977.718282924,85496.84508350202
75108,Paris 8e Arrondissement,9679.483371338478,169008.44808724793,159328.96471590945
